manu_id,manu_sku,product_name,,prod_page_url
3,WTV-CB12,Cloud Bag Tag,,https://www.arielpremium.com/product/WTV-CB12
3,WTV-LG11,Lockwood Auto Open Golf Umbrella,,https://www.arielpremium.com/product/WTV-LG11
3,WBA-VT18,Valise Travel Attach,,https://www.arielpremium.com/product/WBA-VT18
3,ETA-UT18,Universal Traveler Charging Adapter,,https://www.arielpremium.com/product/ETA-UT18
3,WBA-TB10,Tradewinds Travel Toiletry Bag,,https://www.arielpremium.com/product/WBA-TB10
3,WBA-ET18,Explorer Essentials Toiletry & Cosmetics Travel Bag,,https://www.arielpremium.com/product/WBA-ET18
3,WTV-EZ12,E-Z See Jumbo Bag Tag,,https://www.arielpremium.com/product/WTV-EZ12
3,WPC-SA13,Stain-Away Pen,,https://www.arielpremium.com/product/WPC-SA13
3,WTV-TD18,Trek Digital Luggage Scale,,https://www.arielpremium.com/product/WTV-TD18
3,WPC-LR12,Roll & Rinse Lint Remover,,https://www.arielpremium.com/product/WPC-LR12
3,WPC-SC12,Quick Shine Shoe Care Kit,,https://www.arielpremium.com/product/WPC-SC12
3,WTV-AB12,Airplane Luggage Bag Tag,,https://www.arielpremium.com/product/WTV-AB12
3,WPC-FM18,Fresh Meadows Scented Diffuser,,https://www.arielpremium.com/product/WPC-FM18
3,WTV-SE18,Shut-Eye Travel Eye Mask,,https://www.arielpremium.com/product/WTV-SE18
3,WTV-SK08,Travel Sewing Kit,,https://www.arielpremium.com/product/WTV-SK08
3,WPC-PM10,Ultra Thin Pocket Mirror,,https://www.arielpremium.com/product/WPC-PM10
3,WTV-LP18,Loosen Up Neck & Back Pillow,,https://www.arielpremium.com/product/WTV-LP18
3,WTV-CN15,Car Neck Rest Pillow,,https://www.arielpremium.com/product/WTV-CN15
3,WBA-PT18,Pioneer Travel Wallet,,https://www.arielpremium.com/product/WBA-PT18
3,WTV-DS17,Durable Silicone Luggage Tag,,https://www.arielpremium.com/product/WTV-DS17
3,WHF-QC18,Eyeglasses & More Quick-Collapse Case,,https://www.arielpremium.com/product/WHF-QC18
3,WPC-CD12,Double Sided Compact Mirror,,https://www.arielpremium.com/product/WPC-CD12
3,WTV-TD10,Travel Disk Brush & Mirror,,https://www.arielpremium.com/product/WTV-TD10
3,WTV-SB12,Standard Luggage Bag Tag,,https://www.arielpremium.com/product/WTV-SB12
3,WTV-SB11,Spring Breeze Folding Umbrella,,https://www.arielpremium.com/product/WTV-SB11
3,WTV-TT10,Travel Tote Luggage Tag,,https://www.arielpremium.com/product/WTV-TT10
3,WPC-TN12,Touch-Up Shoe Shine Neutral Polish,,https://www.arielpremium.com/product/WPC-TN12
3,WPC-BB17,Fresh Flush Pretreat Potty Spray,,https://www.arielpremium.com/product/WPC-BB17
3,EPP-42C5,Power Cube 2 USB and 4AC Wall Charger,,https://www.arielpremium.com/product/EPP-42C5
3,WPC-SG17,"3-In-1 Shoe Gadget Shine, Brush & Horn",,https://www.arielpremium.com/product/WPC-SG17
3,WPC-AS18,Ambrosia Spray Air Freshener,,https://www.arielpremium.com/product/WPC-AS18
3,WEE-LB01,Lint Brush,,https://www.arielpremium.com/product/WEE-LB01
3,WTV-TP15,3-Piece Travel Pillow & Blanket Set,,https://www.arielpremium.com/product/WTV-TP15
3,WTV-LP10,Hideaway Luggage Tag And Pen,,https://www.arielpremium.com/product/WTV-LP10
3,WTV-WC10,Weigh Cool Portable Luggage Scale,,https://www.arielpremium.com/product/WTV-WC10
3,WPC-TB12,Touch-Up Shoe Shine Black Polish,,https://www.arielpremium.com/product/WPC-TB12
3,WPC-BC17,Fresh Flush Credit Card-Sized Pretreat Potty Spray,,https://www.arielpremium.com/product/WPC-BC17
3,ETA-12T5,Twist Traveler - 2 USB Port Universal Travel Adapt,,https://www.arielpremium.com/product/ETA-12T5
3,WBA-OP18,Outpost Travel Pouch,,https://www.arielpremium.com/product/WBA-OP18
3,WBA-ST11,Solelo Travel Drawstring Shoe Bag,,https://www.arielpremium.com/product/WBA-ST11
3,WBA-CV18,Caravan 5-in-1 Traveler Ensemble,,https://www.arielpremium.com/product/WBA-CV18
3,WTV-CU15,Cuddle Up Pillow,,https://www.arielpremium.com/product/WTV-CU15
3,WTV-LS10,Travel Aid Luggage Tag & Sewing Kit,,https://www.arielpremium.com/product/WTV-LS10
3,ETA-GT18,Gemini Travel Adapter,,https://www.arielpremium.com/product/ETA-GT18
3,WOR-CP01,Carabiner Pocketknife,,https://www.arielpremium.com/product/WOR-CP01
3,WPC-LM10,Silver Thin Light-Up Magnifier,,https://www.arielpremium.com/product/WPC-LM10
3,WTT-QC18,Quick-Cut Carton Cutter,,https://www.arielpremium.com/product/WTT-QC18
3,WTT-ST11,Square 5 Ft Tape Measure Key Chain,,https://www.arielpremium.com/product/WTT-ST11
3,WTT-TR19,Round Pocket 5 Ft Tape Measure,,https://www.arielpremium.com/product/WTT-TR19
3,WEE-IM13,Crystal Clear Illuminated Magnifier,,https://www.arielpremium.com/product/WEE-IM13
3,WTT-CM13,Compact Magnifier Light,,https://www.arielpremium.com/product/WTT-CM13
3,WTT-RH17,Roadway Handy Multi-Tool,,https://www.arielpremium.com/product/WTT-RH17
3,WTT-EG17,Easy Grip Ratchet Tool,,https://www.arielpremium.com/product/WTT-EG17
3,WTT-MA12,Measure-All 16-Foot Tape Measure,,https://www.arielpremium.com/product/WTT-MA12
3,WTT-LS08,Level Light Screwdriver Pen,,https://www.arielpremium.com/product/WTT-LS08
3,WTT-TC20,Slim 3 Ft Tape Measure with Level Indicator,,https://www.arielpremium.com/product/WTT-TC20
3,WTT-TM12,Carabiner Round 5 Ft Tape Measure,,https://www.arielpremium.com/product/WTT-TM12
3,WTT-QB15,Quick Blade Multi-Tool,,https://www.arielpremium.com/product/WTT-QB15
3,WTT-RM14,Ratchet Multi-Tool,,https://www.arielpremium.com/product/WTT-RM14
3,WTT-NT08,Lighted Tape Measure with Notepad,,https://www.arielpremium.com/product/WTT-NT08
3,WTT-ET10,The Everything Tool Key Chain,,https://www.arielpremium.com/product/WTT-ET10
3,WTT-ET17,Egghead 10' Tape Measure,,https://www.arielpremium.com/product/WTT-ET17
3,WTT-CT14,6 In 1 Carabiner Tool,,https://www.arielpremium.com/product/WTT-CT14
3,WTT-PS09,Clip-on Pocket Screwdriver Flashlight,,https://www.arielpremium.com/product/WTT-PS09
3,WTT-QF08,Quick Fix Screwdriver Pen,,https://www.arielpremium.com/product/WTT-QF08
3,WEE-CL06,Magnifying Card Light,,https://www.arielpremium.com/product/WEE-CL06
3,WTT-EM11,Emergency Multi-Tool LED Light,,https://www.arielpremium.com/product/WTT-EM11
3,WTT-ML11,Multi-Head Lighted Screwdriver,,https://www.arielpremium.com/product/WTT-ML11
3,WTT-CF07,Carabiner Screwdriver with Flashlight,,https://www.arielpremium.com/product/WTT-CF07
3,WCP-LC16,Silicone Lanyard Smart Phone and Card Holder,,https://www.arielpremium.com/product/WCP-LC16
3,WEE-HC01,Handle Cozy,,https://www.arielpremium.com/product/WEE-HC01
3,ETC-03E5,Polyester and EVA Zippered Earbud Case,,https://www.arielpremium.com/product/ETC-03E5
3,ETV-CB16,Compact Wireless Keyboard with Stand,,https://www.arielpremium.com/product/ETV-CB16
3,WCP-EW16,Expandable Lycra Phone Wallet,,https://www.arielpremium.com/product/WCP-EW16
3,ETA-04W5,World Traveler - 4 USB Port Universal Travel Adapt,,https://www.arielpremium.com/product/ETA-04W5
3,ETV-CT18,Concerto True Wireless Earbuds,,https://www.arielpremium.com/product/ETV-CT18
3,WCP-PB10,Power Booster Portable Charger,,https://www.arielpremium.com/product/WCP-PB10
3,WCP-WP11,Wings Dual Power Bank Porta-Charger,,https://www.arielpremium.com/product/WCP-WP11
3,EPB-JS18,Jump-Start Power Bank Keychain,,https://www.arielpremium.com/product/EPB-JS18
3,EPB-40S7,Slim-Line 4000mAh Power Bank,,https://www.arielpremium.com/product/EPB-40S7
3,WTV-AR13,Auto Recoil Earbuds,,https://www.arielpremium.com/product/WTV-AR13
3,ETV-QA18,Quest Wireless Audio Headband,,https://www.arielpremium.com/product/ETV-QA18
3,WTV-MG16,Mini Comfy Grip Selfie Stick,,https://www.arielpremium.com/product/WTV-MG16
3,WCP-ST17,Store & Stand Mobile Wallet,,https://www.arielpremium.com/product/WCP-ST17
3,EPB-EL18,Envoy 4000mAh Leather Power Bank,,https://www.arielpremium.com/product/EPB-EL18
3,ETC-09A5,TEC Medium Computer Accessory Case,,https://www.arielpremium.com/product/ETC-09A5
3,WTV-DP16,Dual Port USB Adapter with Foldable Prongs,,https://www.arielpremium.com/product/WTV-DP16
3,WCP-PF18,3-in-1 Mini Phone Fan,,https://www.arielpremium.com/product/WCP-PF18
3,WCP-EP11,Easel Dual Power Bank Porta-Charger,,https://www.arielpremium.com/product/WCP-EP11
3,ETV-HT17,Harmony True Wireless Earbuds & 2000mAh Power Bank,,https://www.arielpremium.com/product/ETV-HT17
3,ETV-MW18,Melody Wireless Earbuds,,https://www.arielpremium.com/product/ETV-MW18
3,WCP-ML18,MagnaLoop Charging Cable,,https://www.arielpremium.com/product/WCP-ML18
3,ETV-EF17,Easy Flex Wireless Headset,,https://www.arielpremium.com/product/ETV-EF17
3,WTV-CG16,Comfy Grip Selfie Stick,,https://www.arielpremium.com/product/WTV-CG16
3,WTV-US16,AC-USB Adapter with Foldable Prongs,,https://www.arielpremium.com/product/WTV-US16
3,WCP-SM16,Smart Mobile Wallet with Phone Stand & Screen Clea,,https://www.arielpremium.com/product/WCP-SM16
3,WLT-FB13,USB Flex LED Light,,https://www.arielpremium.com/product/WLT-FB13
3,WCP-MW15,Plastic Credit Card Mobile Wallet,,https://www.arielpremium.com/product/WCP-MW15
3,ESP-NS18,Nexus Swivel Wireless Speaker,,https://www.arielpremium.com/product/ESP-NS18
3,EPB-80D5,Dependable - 8000mAh Car Starter/Cell Power Bank,,https://www.arielpremium.com/product/EPB-80D5
3,WCP-CL16,ChargerLeash 2-in-1 Smart Alarm Charging Cable,,https://www.arielpremium.com/product/WCP-CL16
3,WTV-SD17,Storage Disc Clip with Earbuds,,https://www.arielpremium.com/product/WTV-SD17
3,ETC-10T5,TEC Adjustable Tablet Case with Accessory Organizer,,https://www.arielpremium.com/product/ETC-10T5
3,EPB-20R5,Ready to Go - 2000mAh Power Bank with cable,,https://www.arielpremium.com/product/EPB-20R5
3,ESP-FC18,Fusion 22 oz Combo Water Bottle & Wireless Speaker,,https://www.arielpremium.com/product/ESP-FC18
3,WCP-SW16,Snap it Mobile Wallet with Phone Stand,,https://www.arielpremium.com/product/WCP-SW16
3,ESP-SC17,Superstar Combo Wireless Microphone And Speaker,,https://www.arielpremium.com/product/ESP-SC17
3,WCP-IN14,In-Style Power Bank,,https://www.arielpremium.com/product/WCP-IN14
3,EPB-PP18,Pearl 4000mAh Power Bank,,https://www.arielpremium.com/product/EPB-PP18
3,ETC-06C5,TEC Small Cable Organizer,,https://www.arielpremium.com/product/ETC-06C5
3,ETV-TS17,Top Sound Noise Cancellation Wireless Folding Headphones,,https://www.arielpremium.com/product/ETV-TS17
3,ETC-08A5,TEC Small Computer Accessory Case,,https://www.arielpremium.com/product/ETC-08A5
3,WCP-FF14,USB Flex Fan,,https://www.arielpremium.com/product/WCP-FF14
3,WTV-CD17,Color Changing Night Light with Dual USB Wall Charger,,https://www.arielpremium.com/product/WTV-CD17
3,WSP-PH15,Powerhouse Bluetooth Speaker,,https://www.arielpremium.com/product/WSP-PH15
3,WTV-EC15,Easy Clip Headphones,,https://www.arielpremium.com/product/WTV-EC15
3,ESP-SD17,Sound Dome Wireless Speaker,,https://www.arielpremium.com/product/ESP-SD17
3,LTV-CS15,Cushy Earbud Keeper,,https://www.arielpremium.com/product/LTV-CS15
3,WTV-BF17,USBreeze Bendy Mini Fan,,https://www.arielpremium.com/product/WTV-BF17
3,EPB-20S5,Sleek Design - 2000mAh Aluminum Power Bank,,https://www.arielpremium.com/product/EPB-20S5
3,WTV-AW15,Active Wear Bluetooth Headphones,,https://www.arielpremium.com/product/WTV-AW15
3,WLT-TL16,Twist It USB LED Light,,https://www.arielpremium.com/product/WLT-TL16
3,ETC-06R5,TEC Computer Accessory Organizer - Small,,https://www.arielpremium.com/product/ETC-06R5
3,ETC-09D5,TEC Medium Computer Drive and Accessory Organizer,,https://www.arielpremium.com/product/ETC-09D5
3,ESP-MR17,Upbeat Mini Mushroom Wireless Speaker,,https://www.arielpremium.com/product/ESP-MR17
3,ESP-MC16,Wireless Mini Cube Speaker with Selfie Button & Microphone,,https://www.arielpremium.com/product/ESP-MC16
3,EPB-30T7,Trim 3000mAh Power Bank,,https://www.arielpremium.com/product/EPB-30T7
3,EPB-80F5,Fast & Smart IC - 8000mAh Power Bank with 1 USB,,https://www.arielpremium.com/product/EPB-80F5
3,WCP-MF15,AC-to-USB Multifunction 9000mAh Power Bank,,https://www.arielpremium.com/product/WCP-MF15
3,ETC-11S5,"TEC 11.6 Tablet Sleeve""",,https://www.arielpremium.com/product/ETC-11S5
3,WTV-AA10,AA Battery Clear Case,,https://www.arielpremium.com/product/WTV-AA10
3,WCP-HP12,Microfiber Cloth Phone Holder,,https://www.arielpremium.com/product/WCP-HP12
3,ETC-07S5,"TEC 7 Tablet Sleeve""",,https://www.arielpremium.com/product/ETC-07S5
3,ETC-08S5,"TEC 8 Tablet Sleeve""",,https://www.arielpremium.com/product/ETC-08S5
3,WTV-MF16,Moji Foldable Headphones with Microphone,,https://www.arielpremium.com/product/WTV-MF16
3,EPB-CP18,Chamber 2200mAh Power Bank,,https://www.arielpremium.com/product/EPB-CP18
3,ETC-07C5,TEC Medium Cable Organizer,,https://www.arielpremium.com/product/ETC-07C5
3,WCP-BB17,USBreeze Bendy Desk Fan,,https://www.arielpremium.com/product/WCP-BB17
3,WTV-ES15,Easy Store Earbuds,,https://www.arielpremium.com/product/WTV-ES15
3,ESP-BC18,Bayou 14 oz Combo Water Bottle & Wireless Speaker,,https://www.arielpremium.com/product/ESP-BC18
3,WTV-LB15,Little Buddy Earbud Gift Set,,https://www.arielpremium.com/product/WTV-LB15
3,EPB-22E7,Easy Grip 2200mAh Power Bank,,https://www.arielpremium.com/product/EPB-22E7
3,WSP-WR15,Water Resistant Bluetooth Speaker,,https://www.arielpremium.com/product/WSP-WR15
3,ESP-SW18,Symphony 16 oz Water Bottle & Wireless Speaker,,https://www.arielpremium.com/product/ESP-SW18
3,ESP-PU16,Pop Up Wireless Speaker,,https://www.arielpremium.com/product/ESP-PU16
3,ESP-PM18,Pulse Mood Lamp & Wireless Speaker,,https://www.arielpremium.com/product/ESP-PM18
3,WOR-TC16,Waterproof Tablet Case with 3.5mm Audio Jack,,https://www.arielpremium.com/product/WOR-TC16
3,EPB-80A5,Max - 8000mAh Aluminum Power Bank with 2 USB Ports,,https://www.arielpremium.com/product/EPB-80A5
3,EPB-22M5,Mini - 2200mAh Power Bank,,https://www.arielpremium.com/product/EPB-22M5
3,WTV-HB18,Handy Breeze Portable Fan & Light,,https://www.arielpremium.com/product/WTV-HB18
3,EPB-26U5,2-in-1 USB Wall Charger with 2600mAh Power Bank,,https://www.arielpremium.com/product/EPB-26U5
3,ETV-PT17,Palladium True Wireless Earbuds with Charging Base,,https://www.arielpremium.com/product/ETV-PT17
3,WCP-LP16,Silicone Lanyard Smart Phone Holder,,https://www.arielpremium.com/product/WCP-LP16
3,ETK-CK16,ChargerLeash Tech Kit,,https://www.arielpremium.com/product/ETK-CK16
3,EPP-05Q5,Quick & Smart IC - 5 USB AC Power Port,,https://www.arielpremium.com/product/EPP-05Q5
3,EPB-22N5,Nuevo Design - 2200mAh Power Bank,,https://www.arielpremium.com/product/EPB-22N5
3,ESP-CR18,Mini Crate Wireless Speaker,,https://www.arielpremium.com/product/ESP-CR18
3,EPB-ZG18,Zip Grip 3500mAh Power Bank,,https://www.arielpremium.com/product/EPB-ZG18
3,WTV-TC13,Tri-Caddy Earbuds in Case,,https://www.arielpremium.com/product/WTV-TC13
3,ETV-AR16,All-In-One Retractable Charging Cable,,https://www.arielpremium.com/product/ETV-AR16
3,ETC-09P5,TEC Large Computer Periphery Organizer,,https://www.arielpremium.com/product/ETC-09P5
3,EPB-AB18,Ambassador 10000mAh Leather Power Bank,,https://www.arielpremium.com/product/EPB-AB18
3,WTV-CE17,Clip It Earbuds with Clips,,https://www.arielpremium.com/product/WTV-CE17
3,EPB-36U5,Ultra Flat 3600mAh Power Bank with Flashlight,,https://www.arielpremium.com/product/EPB-36U5
3,EPB-22G7,Glow Light Docking Station 2200mAh Power Bank,,https://www.arielpremium.com/product/EPB-22G7
3,ETV-TC18,Concord Type-C Adapter,,https://www.arielpremium.com/product/ETV-TC18
3,ETK-CR16,ChargerLeash Road Warrior Tech Kit,,https://www.arielpremium.com/product/ETK-CR16
3,WTV-CF16,Auto Fresh,,https://www.arielpremium.com/product/WTV-CF16
3,ETK-WY17,Tech Tool Kit,,https://www.arielpremium.com/product/ETK-WY17
3,LKC-SF03,Patriotic Stress Ball Key Chain Stress Reliever,,https://www.arielpremium.com/product/LKC-SF03
3,LCN-HS09,Real Estate House Stress Reliever,,https://www.arielpremium.com/product/LCN-HS09
3,LEL-AT13,@ Ball Stress Reliever,,https://www.arielpremium.com/product/LEL-AT13
3,LFF-RO17,Robot 2.0 Stress Reliever,,https://www.arielpremium.com/product/LFF-RO17
3,LCN-WR02,Wrench Stress Reliever,,https://www.arielpremium.com/product/LCN-WR02
3,LCC-FB18,Firefighter Boot Stress Reliever,,https://www.arielpremium.com/product/LCC-FB18
3,LNA-MS01,Mouse Stress Reliever,,https://www.arielpremium.com/product/LNA-MS01
3,LFD-TG07,To Go Coffee Cup Stress Reliever,,https://www.arielpremium.com/product/LFD-TG07
3,LWO-SM12,Starman Wobbler,,https://www.arielpremium.com/product/LWO-SM12
3,LCN-PB33,Paintbrush Stress Reliever,,https://www.arielpremium.com/product/LCN-PB33
3,LED-SB23,Conventional School Bus Stress Reliever,,https://www.arielpremium.com/product/LED-SB23
3,LAR-FJ10,Fighter Jet Stress Reliever,,https://www.arielpremium.com/product/LAR-FJ10
3,LAZ-MS07,Moose Stress Reliever,,https://www.arielpremium.com/product/LAZ-MS07
3,LMA-CA09,Cadet Mad Cap Stress Reliever,,https://www.arielpremium.com/product/LMA-CA09
3,LFF-ST01,Stressed-Out Man Stress Reliever,,https://www.arielpremium.com/product/LFF-ST01
3,LPH-TB96,Tube Stress Reliever,,https://www.arielpremium.com/product/LPH-TB96
3,LPE-DB05,Dog Ball Stress Reliever,,https://www.arielpremium.com/product/LPE-DB05
3,LCN-BH91,Backhoe Stress Reliever,,https://www.arielpremium.com/product/LCN-BH91
3,LPE-SP71,Spaniel Dog Stress Reliever,,https://www.arielpremium.com/product/LPE-SP71
3,LGS-IM13,Imagine Word Stress Reliever,,https://www.arielpremium.com/product/LGS-IM13
3,LMT-TG09,Thumbs Up Tiger Mascot Stress Reliever,,https://www.arielpremium.com/product/LMT-TG09
3,LGS-BM13,Bomb With Fuse Stress Reliever,,https://www.arielpremium.com/product/LGS-BM13
3,LGS-ON05,Number One Stress Reliever,,https://www.arielpremium.com/product/LGS-ON05
3,LVB-EB91,Vibrating Earthball Stress Reliever,,https://www.arielpremium.com/product/LVB-EB91
3,LKC-PS06,Patriotic Star Key Chain Stress Reliever,,https://www.arielpremium.com/product/LKC-PS06
3,LEL-LE16,LED Light Bulb Stress Reliever,,https://www.arielpremium.com/product/LEL-LE16
3,LGS-CB08,Caption Bubble Stress Reliever,,https://www.arielpremium.com/product/LGS-CB08
3,LFD-CH13,Chef Hat Stress Reliever,,https://www.arielpremium.com/product/LFD-CH13
3,LFD-CH15,Chocolate Stress Reliever,,https://www.arielpremium.com/product/LFD-CH15
3,LFD-CH17,Chocolate Chip Cookie Stress Reliever,,https://www.arielpremium.com/product/LFD-CH17
3,LKC-OR05,Orange Key Chain Stress Reliever,,https://www.arielpremium.com/product/LKC-OR05
3,LMA-RR08,Rock N Roll Elvis Hair Stress Reliever,,https://www.arielpremium.com/product/LMA-RR08
3,LCH-CS01,Cool Sun Figure Stress Reliever,,https://www.arielpremium.com/product/LCH-CS01
3,LGS-GR15,Gracias Word Stress Reliever,,https://www.arielpremium.com/product/LGS-GR15
3,LCH-SC96,Soccer Stress Reliever Figure,,https://www.arielpremium.com/product/LCH-SC96
3,LFD-PN01,Peanut Stress Reliever,,https://www.arielpremium.com/product/LFD-PN01
3,LCN-PP06,Porta-Potty Stress Reliever,,https://www.arielpremium.com/product/LCN-PP06
3,LVG-PP12,Pea Pod Stress Reliever,,https://www.arielpremium.com/product/LVG-PP12
3,LAN-HT23,Hand Thumbs Up Stress Reliever,,https://www.arielpremium.com/product/LAN-HT23
3,LNA-MP01,Mountain Peak Stress Reliever,,https://www.arielpremium.com/product/LNA-MP01
3,LAA-TU10,Turtle Stress Reliever,,https://www.arielpremium.com/product/LAA-TU10
3,LNA-SK01,Skunk Stress Reliever,,https://www.arielpremium.com/product/LNA-SK01
3,LML-GR20,Grenade Stress Reliever,,https://www.arielpremium.com/product/LML-GR20
3,LKC-CF15,Clown Fish Key Chain Stress Reliever,,https://www.arielpremium.com/product/LKC-CF15
3,LDB-WL06,Wally Stress Reliever,,https://www.arielpremium.com/product/LDB-WL06
3,LVG-GB06,Garlic Bulb Stress Reliever,,https://www.arielpremium.com/product/LVG-GB06
3,LFD-DS07,Drumstick Stress Reliever,,https://www.arielpremium.com/product/LFD-DS07
3,LPE-BD17,Bulldog Stress Reliever,,https://www.arielpremium.com/product/LPE-BD17
3,LGS-CU08,Cube Stress Reliever,,https://www.arielpremium.com/product/LGS-CU08
3,LCC-PC06,Police Car Stress Reliever,,https://www.arielpremium.com/product/LCC-PC06
3,LGS-PY07,Pyramid Stress Reliever,,https://www.arielpremium.com/product/LGS-PY07
3,LMA-FH16,Fireman Mad Cap Stress Reliever,,https://www.arielpremium.com/product/LMA-FH16
3,LKC-UF01,US Flag Key Chain Stress Reliever,,https://www.arielpremium.com/product/LKC-UF01
3,LFF-MP18,Imp Stress Reliever,,https://www.arielpremium.com/product/LFF-MP18
3,LKC-WA13,Mood Maniac Key Chain-Wacky,,https://www.arielpremium.com/product/LKC-WA13
3,LTR-MC38,Motorcycle Stress Reliever,,https://www.arielpremium.com/product/LTR-MC38
3,LFF-DR07,Dragon Stress Reliever,,https://www.arielpremium.com/product/LFF-DR07
3,LGS-SM17,Starman Stress Reliever,,https://www.arielpremium.com/product/LGS-SM17
3,LKC-PG12,Pig Key Chain Stress Reliever,,https://www.arielpremium.com/product/LKC-PG12
3,LTR-CC17,Cute Car Stress Reliever,,https://www.arielpremium.com/product/LTR-CC17
3,LEB-MC02,Multicolored Earthball Stress Reliever,,https://www.arielpremium.com/product/LEB-MC02
3,LAA-SF06,Starfish Stress Reliever,,https://www.arielpremium.com/product/LAA-SF06
3,LMN-ET10,Eiffel Tower Stress Reliever,,https://www.arielpremium.com/product/LMN-ET10
3,LCC-MR10,Mr Recycle Stress Reliever,,https://www.arielpremium.com/product/LCC-MR10
3,LCC-FY15,Fire Hydrant Stress Reliever,,https://www.arielpremium.com/product/LCC-FY15
3,LAN-LV12,Liver Stress Reliever,,https://www.arielpremium.com/product/LAN-LV12
3,LAR-AR12,Airliner Stress Reliever,,https://www.arielpremium.com/product/LAR-AR12
3,LNA-RK16,Gray Rock Stress Reliever,,https://www.arielpremium.com/product/LNA-RK16
3,LAN-SK07,Skull Stress Reliever,,https://www.arielpremium.com/product/LAN-SK07
3,LED-TR26,Trophy Stress Reliever,,https://www.arielpremium.com/product/LED-TR26
3,LMT-WC07,Wildcat/Cougar Mascot Stress Reliever,,https://www.arielpremium.com/product/LMT-WC07
3,LHT-BT07,Bathtub Stress Reliever,,https://www.arielpremium.com/product/LHT-BT07
3,LGS-WA13,Mini Wacky Mood Maniac Stress Reliever,,https://www.arielpremium.com/product/LGS-WA13
3,LFD-CN01,Champagne Bottle Stress Reliever,,https://www.arielpremium.com/product/LFD-CN01
3,LCH-TT17,Tooth Figure Stress Reliever,,https://www.arielpremium.com/product/LCH-TT17
3,LSP-SC18,Soccer Ball Stress Reliever,,https://www.arielpremium.com/product/LSP-SC18
3,LPA-US25,US Map Stress Reliever,,https://www.arielpremium.com/product/LPA-US25
3,LAN-RB15,Rainbow Brain Stress Reliever,,https://www.arielpremium.com/product/LAN-RB15
3,LTR-LM51,Limousine Stress Reliever,,https://www.arielpremium.com/product/LTR-LM51
3,LGS-MA18,Mobile App Icon Stress Reliever,,https://www.arielpremium.com/product/LGS-MA18
3,LCN-CW12,Construction Worker Bear Stress Reliever,,https://www.arielpremium.com/product/LCN-CW12
3,LCH-WD91,Western Droplet Stress Reliever Figure,,https://www.arielpremium.com/product/LCH-WD91
3,LCH-CP03,Computer Figure Stress Reliever,,https://www.arielpremium.com/product/LCH-CP03
3,LGS-MP11,Megaphone Stress Reliever,,https://www.arielpremium.com/product/LGS-MP11
3,LFN-CR04,Credit Card Stress Reliever,,https://www.arielpremium.com/product/LFN-CR04
3,LEB-EB01,Earthball Stress Reliever,,https://www.arielpremium.com/product/LEB-EB01
3,LAA-SH17,Seahorse Stress Reliever,,https://www.arielpremium.com/product/LAA-SH17
3,LAA-OC13,Octopus Stress Reliever,,https://www.arielpremium.com/product/LAA-OC13
3,LAA-BW18,Blue Whale Stress Reliever,,https://www.arielpremium.com/product/LAA-BW18
3,LTR-SH08,Shuttle Bus Stress Reliever,,https://www.arielpremium.com/product/LTR-SH08
3,LTR-WD97,4-Wheel Drive Stress Reliever,,https://www.arielpremium.com/product/LTR-WD97
3,LSP-BT10,Baseball Bat Stress Reliever,,https://www.arielpremium.com/product/LSP-BT10
3,LAZ-TR06,Sitting Tiger Stress Reliever,,https://www.arielpremium.com/product/LAZ-TR06
3,LPA-UF28,US Flag Stress Reliever,,https://www.arielpremium.com/product/LPA-UF28
3,LGS-TS18,Torch Stress Reliever,,https://www.arielpremium.com/product/LGS-TS18
3,LEN-PT98,Propane Tank (NS) Stress Reliever,,https://www.arielpremium.com/product/LEN-PT98
3,LVG-BR02,Broccoli Stress Reliever,,https://www.arielpremium.com/product/LVG-BR02
3,LKC-EB01,Earthball Key Chain Stress Reliever,,https://www.arielpremium.com/product/LKC-EB01
3,LAR-LA05,Large Airplane Stress Reliever,,https://www.arielpremium.com/product/LAR-LA05
3,LAZ-KA18,Kangaroo Stress Reliever,,https://www.arielpremium.com/product/LAZ-KA18
3,LSP-FB15,Medium Football Stress Reliever,,https://www.arielpremium.com/product/LSP-FB15
3,LAZ-GR15,Giraffe Stress Reliever,,https://www.arielpremium.com/product/LAZ-GR15
3,LMT-WL07,Wolf Mascot Stress Reliever,,https://www.arielpremium.com/product/LMT-WL07
3,LAA-TF09,Tropical Fish Stress Reliever,,https://www.arielpremium.com/product/LAA-TF09
3,LGS-TH12,Thanks Word Stress Reliever,,https://www.arielpremium.com/product/LGS-TH12
3,LSP-BY01,Bicycle Helmet Stress Reliever,,https://www.arielpremium.com/product/LSP-BY01
3,LTR-SV29,Service Van Stress Reliever,,https://www.arielpremium.com/product/LTR-SV29
3,LFR-WM10,Watermelon Stress Reliever,,https://www.arielpremium.com/product/LFR-WM10
3,LMA-SD01,Soldier Mad Cap Stress Reliever,,https://www.arielpremium.com/product/LMA-SD01
3,LAN-CD99,Caduceus Stress Reliever,,https://www.arielpremium.com/product/LAN-CD99
3,LTV-LH16,Lighthouse Stress Reliever,,https://www.arielpremium.com/product/LTV-LH16
3,LKC-DB15,Dumbbell Key Chain Stress Reliever,,https://www.arielpremium.com/product/LKC-DB15
3,LGS-BR06,Bride Stress Reliever,,https://www.arielpremium.com/product/LGS-BR06
3,LSB-EM11,Emoticon Ball Stress Reliever,,https://www.arielpremium.com/product/LSB-EM11
3,LWO-TF12,Tropical Fish Wobbler,,https://www.arielpremium.com/product/LWO-TF12
3,LKC-MC11,Milk Cow Key Chain Stress Reliever,,https://www.arielpremium.com/product/LKC-MC11
3,LAR-HE36,Helicopter Stress Reliever,,https://www.arielpremium.com/product/LAR-HE36
3,LTV-SB06,Surfboard Stress Reliever,,https://www.arielpremium.com/product/LTV-SB06
3,LAA-CR02,Crab Stress Reliever,,https://www.arielpremium.com/product/LAA-CR02
3,LFD-CT11,Chinese To Go Box Stress Reliever,,https://www.arielpremium.com/product/LFD-CT11
3,LAN-BP18,Blood Platelet Stress Reliever,,https://www.arielpremium.com/product/LAN-BP18
3,LMU-MC06,Microphone Stress Reliever,,https://www.arielpremium.com/product/LMU-MC06
3,LKC-LB06,Lightbulb Key Chain Stress Reliever,,https://www.arielpremium.com/product/LKC-LB06
3,LKC-PC15,Police Car Key Chain Stress Reliever,,https://www.arielpremium.com/product/LKC-PC15
3,LFR-GR03,Grapes Stress Reliever,,https://www.arielpremium.com/product/LFR-GR03
3,LGS-QU09,Question Mark Stress Reliever,,https://www.arielpremium.com/product/LGS-QU09
3,LGB-ST15,Pop'n Stressed Squeezie Smiley Face,,https://www.arielpremium.com/product/LGB-ST15
3,LKC-VH07,Valentine Heart Key Chain Stress Reliever,,https://www.arielpremium.com/product/LKC-VH07
3,LKC-PC19,Peach Key Chain Stress Reliever,,https://www.arielpremium.com/product/LKC-PC19
3,LHO-LH98,Leprechaun Hat Stress Reliever,,https://www.arielpremium.com/product/LHO-LH98
3,LAF-BC16,Beef Cow Stress Reliever,,https://www.arielpremium.com/product/LAF-BC16
3,LTR-BT17,Bullet Train Stress Reliever,,https://www.arielpremium.com/product/LTR-BT17
3,LFN-AT08,ATM Machine Stress Reliever,,https://www.arielpremium.com/product/LFN-AT08
3,LAA-LS10,Lobster Stress Reliever,,https://www.arielpremium.com/product/LAA-LS10
3,LCA-SC09,Scientist Stress Reliever,,https://www.arielpremium.com/product/LCA-SC09
3,LDB-DL06,Dilbert Stress Reliever,,https://www.arielpremium.com/product/LDB-DL06
3,LGS-TL06,Toilet Stress Reliever,,https://www.arielpremium.com/product/LGS-TL06
3,LCH-LB57,Lightbulb Figure Stress Reliever,,https://www.arielpremium.com/product/LCH-LB57
3,LFN-HD01,$100 Bill Stress Reliever,,https://www.arielpremium.com/product/LFN-HD01
3,LTV-SA01,Sailboat Stress Reliever,,https://www.arielpremium.com/product/LTV-SA01
3,LKC-PE06,Penguin Key Chain Stress Reliever,,https://www.arielpremium.com/product/LKC-PE06
3,LPA-DD13,Democratic Donkey Stress Reliever,,https://www.arielpremium.com/product/LPA-DD13
3,LAZ-DE15,Deer Stress Reliever,,https://www.arielpremium.com/product/LAZ-DE15
3,LEN-RS07,Recycle Symbol Stress Reliever,,https://www.arielpremium.com/product/LEN-RS07
3,LFR-LV08,Olive Stress Reliever,,https://www.arielpremium.com/product/LFR-LV08
3,LPA-UC29,US Capitol Stress Reliever,,https://www.arielpremium.com/product/LPA-UC29
3,LGS-LB15,Lightning Bolt Stress Reliever,,https://www.arielpremium.com/product/LGS-LB15
3,LPA-SB03,Patriotic Stress Ball Stress Reliever,,https://www.arielpremium.com/product/LPA-SB03
3,LVG-CA03,Carrot Stress Reliever,,https://www.arielpremium.com/product/LVG-CA03
3,LCH-CB03,Cute Bug Figure Stress Reliever,,https://www.arielpremium.com/product/LCH-CB03
3,LFF-CA97,Castle Stress Reliever,,https://www.arielpremium.com/product/LFF-CA97
3,,,,https://www.arielpremium.com/product/LVB-GR20
3,LGS-HM16,Handlebar Mustache Stress Reliever,,https://www.arielpremium.com/product/LGS-HM16
3,LGS-UM01,Umbrella Stress Reliever,,https://www.arielpremium.com/product/LGS-UM01
3,LCA-AA09,African American Super Hero Stress Reliever,,https://www.arielpremium.com/product/LCA-AA09
3,LCA-WW10,Mood Maniac Wobbler-Wacky,,https://www.arielpremium.com/product/LCA-WW10
3,LHO-SA06,Santa Claus Ball Stress Reliever,,https://www.arielpremium.com/product/LHO-SA06
3,LAN-SP26,Spinal Cord Stress Reliever,,https://www.arielpremium.com/product/LAN-SP26
3,LMU-DR08,Drum Stress Reliever,,https://www.arielpremium.com/product/LMU-DR08
3,LKC-TF09,Tropical Fish Key Chain Stress Reliever,,https://www.arielpremium.com/product/LKC-TF09
3,LAN-BN19,Bone Stress Reliever,,https://www.arielpremium.com/product/LAN-BN19
3,LAZ-ET08,Elephant with Tusks Stress Reliever,,https://www.arielpremium.com/product/LAZ-ET08
3,LFD-TC06,Taco Stress Reliever,,https://www.arielpremium.com/product/LFD-TC06
3,LAA-KW05,Killer Whale Stress Reliever,,https://www.arielpremium.com/product/LAA-KW05
3,LAA-PE06,Penguin Stress Reliever,,https://www.arielpremium.com/product/LAA-PE06
3,LNA-AC01,Acorn Stress Reliever,,https://www.arielpremium.com/product/LNA-AC01
3,LCH-DP06,Droplet Figure Stress Reliever,,https://www.arielpremium.com/product/LCH-DP06
3,LMT-BD06,Bulldog Mascot Stress Reliever,,https://www.arielpremium.com/product/LMT-BD06
3,LSP-GF04,Golf Ball Stress Reliever,,https://www.arielpremium.com/product/LSP-GF04
3,LAZ-CM17,Camel Stress Reliever,,https://www.arielpremium.com/product/LAZ-CM17
3,LCC-PW11,Police Woman Stress Reliever,,https://www.arielpremium.com/product/LCC-PW11
3,LMU-TC93,Treble Clef Stress Reliever,,https://www.arielpremium.com/product/LMU-TC93
3,LEL-SP12,Smartphone Stress Reliever,,https://www.arielpremium.com/product/LEL-SP12
3,LAN-BR05,Brain Stress Reliever,,https://www.arielpremium.com/product/LAN-BR05
3,LAN-DB01,Doctor Bear Stress Reliever,,https://www.arielpremium.com/product/LAN-DB01
3,LGS-BE07,Bullseye Stress Reliever,,https://www.arielpremium.com/product/LGS-BE07
3,LFR-GF10,Grapefruit Half Stress Reliever,,https://www.arielpremium.com/product/LFR-GF10
3,LMU-MN02,Musical Note Stress Reliever,,https://www.arielpremium.com/product/LMU-MN02
3,LAZ-GW10,Gray Wolf Stress Reliever,,https://www.arielpremium.com/product/LAZ-GW10
3,LAR-PA01,Passenger Airplane Stress Reliever,,https://www.arielpremium.com/product/LAR-PA01
3,LFR-AP03,Apple Stress Reliever,,https://www.arielpremium.com/product/LFR-AP03
3,LTK-SS20,Talking Super Smiley Stress Reliever,,https://www.arielpremium.com/product/LTK-SS20
3,LWO-CS12,Cool Sun Wobbler,,https://www.arielpremium.com/product/LWO-CS12
3,LAF-BN06,Barn Stress Reliever,,https://www.arielpremium.com/product/LAF-BN06
3,LGS-4P17,4-Piece Connecting Puzzle Set Stress Reliever,,https://www.arielpremium.com/product/LGS-4P17
3,LPA-ST06,Patriotic Star Stress Reliever,,https://www.arielpremium.com/product/LPA-ST06
3,LAA-PF14,Puffin Stress Reliever,,https://www.arielpremium.com/product/LAA-PF14
3,LCN-BE08,I Beam Steel Beam Stress Reliever,,https://www.arielpremium.com/product/LCN-BE08
3,LEL-LB06,Lightbulb Stress Reliever,,https://www.arielpremium.com/product/LEL-LB06
3,LAZ-GB13,Grizzly Bear Stress Reliever,,https://www.arielpremium.com/product/LAZ-GB13
3,LSP-FB05,"Large 5 Football Stress Reliever""",,https://www.arielpremium.com/product/LSP-FB05
3,LCC-TL08,Traffic Light Stress Reliever,,https://www.arielpremium.com/product/LCC-TL08
3,LGS-JO18,Jack O Lantern Stress Reliever,,https://www.arielpremium.com/product/LGS-JO18
3,LAF-MC11,Milk Cow Stress Reliever,,https://www.arielpremium.com/product/LAF-MC11
3,LFR-KW08,Kiwi Stress Reliever,,https://www.arielpremium.com/product/LFR-KW08
3,LFD-PK77,Pickle Stress Reliever,,https://www.arielpremium.com/product/LFD-PK77
3,LVG-CN04,Corn Stress Reliever,,https://www.arielpremium.com/product/LVG-CN04
3,LAR-SA03,Small Airplane Stress Reliever,,https://www.arielpremium.com/product/LAR-SA03
3,LCH-RD03,Round Figure Stress Reliever,,https://www.arielpremium.com/product/LCH-RD03
3,LNA-TP44,Tulip in Pot Stress Reliever,,https://www.arielpremium.com/product/LNA-TP44
3,LPA-VH07,Patriotic Valentine Heart Stress Reliever,,https://www.arielpremium.com/product/LPA-VH07
3,LKC-TE07,Tennis Ball Key Chain Stress Reliever,,https://www.arielpremium.com/product/LKC-TE07
3,LFD-CU14,Tea and Coffee Cup Stress Reliever,,https://www.arielpremium.com/product/LFD-CU14
3,LCA-GR09,Groom Stress Reliever,,https://www.arielpremium.com/product/LCA-GR09
3,LCC-FH16,Fire Helmet Stress Reliever,,https://www.arielpremium.com/product/LCC-FH16
3,LFR-OR05,Orange Stress Reliever,,https://www.arielpremium.com/product/LFR-OR05
3,LGS-CR01,Crown Stress Reliever,,https://www.arielpremium.com/product/LGS-CR01
3,LCH-AP02,Apple Figure Stress Reliever,,https://www.arielpremium.com/product/LCH-AP02
3,LAA-SR12,Stingray Stress Reliever,,https://www.arielpremium.com/product/LAA-SR12
3,LAZ-SW16,Swan Stress Reliever,,https://www.arielpremium.com/product/LAZ-SW16
3,LEL-TV11,TV Flat Screen Stress Reliever,,https://www.arielpremium.com/product/LEL-TV11
3,LGS-CF18,Christian Fish Stress Reliever,,https://www.arielpremium.com/product/LGS-CF18
3,LAZ-FA15,Flamingo Stress Reliever,,https://www.arielpremium.com/product/LAZ-FA15
3,LAF-TK13,Turkey Stress Reliever,,https://www.arielpremium.com/product/LAF-TK13
3,LTR-TE20,Train Engine Stress Reliever,,https://www.arielpremium.com/product/LTR-TE20
3,LTV-DC06,Deck of Cards Stress Reliever,,https://www.arielpremium.com/product/LTV-DC06
3,LTV-PT06,Palm Tree Stress Reliever,,https://www.arielpremium.com/product/LTV-PT06
3,LED-FT11,Female Teacher Stress Reliever,,https://www.arielpremium.com/product/LED-FT11
3,LTR-ST15,Semi Truck Stress Reliever,,https://www.arielpremium.com/product/LTR-ST15
3,LGS-SH16,Shield Stress Reliever,,https://www.arielpremium.com/product/LGS-SH16
3,LHO-CL93,Clover Stress Reliever,,https://www.arielpremium.com/product/LHO-CL93
3,LEN-GP07,Gas Pump Stress Reliever,,https://www.arielpremium.com/product/LEN-GP07
3,LFD-BR01,Bread Slice Stress Reliever,,https://www.arielpremium.com/product/LFD-BR01
3,LKC-BG10,Boxing Glove Key Chain,,https://www.arielpremium.com/product/LKC-BG10
3,LSP-BK18,Large Basket Ball Stress Reliever,,https://www.arielpremium.com/product/LSP-BK18
3,LAF-CD98,Crop Duster Plane Stress Reliever,,https://www.arielpremium.com/product/LAF-CD98
3,LAA-CF01,Clown Fish Stress Reliever,,https://www.arielpremium.com/product/LAA-CF01
3,LMA-PM09,Policeman Mad Cap Stressball,,https://www.arielpremium.com/product/LMA-PM09
3,LKC-FB03,Football Key Chain Stress Reliever,,https://www.arielpremium.com/product/LKC-FB03
3,LAZ-SP03,Sitting Panda Stress Reliever,,https://www.arielpremium.com/product/LAZ-SP03
3,LAN-AD06,Adhesive Bandage Stress Reliever,,https://www.arielpremium.com/product/LAN-AD06
3,LSP-GC91,Golf Club Stress Reliever,,https://www.arielpremium.com/product/LSP-GC91
3,LGS-ST12,Safety Word Stress Reliever,,https://www.arielpremium.com/product/LGS-ST12
3,LGS-ST13,Mini Stressed Mood Maniac,,https://www.arielpremium.com/product/LGS-ST13
3,LVG-CF12,Cauliflower Stress Reliever,,https://www.arielpremium.com/product/LVG-CF12
3,LTV-GL09,Igloo Stress Reliever,,https://www.arielpremium.com/product/LTV-GL09
3,LFD-SS17,Sub Sandwich Stress Reliever,,https://www.arielpremium.com/product/LFD-SS17
3,LEL-RC15,Remote Control Stress Reliever,,https://www.arielpremium.com/product/LEL-RC15
3,LCC-MB29,Mailbox Stress Reliever,,https://www.arielpremium.com/product/LCC-MB29
3,LHO-CT90,Christmas Tree Stress Reliever,,https://www.arielpremium.com/product/LHO-CT90
3,LFN-TP20,Thrifty Pig Stress Reliever,,https://www.arielpremium.com/product/LFN-TP20
3,LAN-EM02,Pill Nurse Stress Reliever,,https://www.arielpremium.com/product/LAN-EM02
3,LFR-BY10,Blackberry Stress Reliever,,https://www.arielpremium.com/product/LFR-BY10
3,LFF-DF92,Duck Funny Face Stress Reliever,,https://www.arielpremium.com/product/LFF-DF92
3,LFD-SY10,Soy Bean Stress Reliever,,https://www.arielpremium.com/product/LFD-SY10
3,LGS-SB11,Sheriff Badge Stress Reliever,,https://www.arielpremium.com/product/LGS-SB11
3,LFD-CC91,Coconut Stress Reliever,,https://www.arielpremium.com/product/LFD-CC91
3,LCA-WH10,Mood Maniac Wobbler-Happy,,https://www.arielpremium.com/product/LCA-WH10
3,LFD-BB16,Beer Bottle Stress Reliever,,https://www.arielpremium.com/product/LFD-BB16
3,LKC-HH14,Hard Hat Key Chain Stress Reliever,,https://www.arielpremium.com/product/LKC-HH14
3,LTR-OT12,Oil Tanker Stress Reliever,,https://www.arielpremium.com/product/LTR-OT12
3,LTR-CV33,Convertible Car Stressball,,https://www.arielpremium.com/product/LTR-CV33
3,LAN-HV02,Heart with Veins Stress Reliever,,https://www.arielpremium.com/product/LAN-HV02
3,LFD-WB13,Wine Bottle Stress Reliever,,https://www.arielpremium.com/product/LFD-WB13
3,LAN-FP06,Female Physician Stress Reliever,,https://www.arielpremium.com/product/LAN-FP06
3,LBU-AL10,Abraham Lincoln Bust,,https://www.arielpremium.com/product/LBU-AL10
3,LAZ-BZ08,Bubble Bee Stress Reliever,,https://www.arielpremium.com/product/LAZ-BZ08
3,LKC-CH03,Chicken Key Chain Stress Reliever,,https://www.arielpremium.com/product/LKC-CH03
3,LCH-BK02,Basketball Figure Stress Reliever,,https://www.arielpremium.com/product/LCH-BK02
3,LAN-HE01,Heart No Veins Stress Reliever,,https://www.arielpremium.com/product/LAN-HE01
3,LAN-SP15,Spinal Segment Stress Reliever,,https://www.arielpremium.com/product/LAN-SP15
3,LGS-GP16,3 Piece Gear Puzzle Set Stress Reliever,,https://www.arielpremium.com/product/LGS-GP16
3,LFD-EG07,Egg Stress Reliever,,https://www.arielpremium.com/product/LFD-EG07
3,LKC-DR06,Droplet Key Chain Stress Reliever,,https://www.arielpremium.com/product/LKC-DR06
3,LTR-SC14,Sports Car Stress Reliever,,https://www.arielpremium.com/product/LTR-SC14
3,LAN-TT17,Dentist Tooth Stress Reliever,,https://www.arielpremium.com/product/LAN-TT17
3,LHO-PA05,Pumpkin Angry Stress Reliever,,https://www.arielpremium.com/product/LHO-PA05
3,LCH-ST06,Star Figure Stress Reliever,,https://www.arielpremium.com/product/LCH-ST06
3,LEL-FL01,Flip Phone Stress Reliever,,https://www.arielpremium.com/product/LEL-FL01
3,LAA-BT07,Blue Tang Fish Stress Reliever,,https://www.arielpremium.com/product/LAA-BT07
3,LEN-DE99,Oil Derrick Stress Reliever,,https://www.arielpremium.com/product/LEN-DE99
3,LFF-WZ01,Wizard Stress Reliever,,https://www.arielpremium.com/product/LFF-WZ01
3,LCN-CC04,Construction Cone Stress Reliever,,https://www.arielpremium.com/product/LCN-CC04
3,LED-MH19,Mortarboard Hat Stress Reliever,,https://www.arielpremium.com/product/LED-MH19
3,LFR-PC06,Peach Stress Reliever,,https://www.arielpremium.com/product/LFR-PC06
3,LVB-VV16,Vibrating Volcano Stress Reliever,,https://www.arielpremium.com/product/LVB-VV16
3,LNA-MR16,Marbled Rock Stress Reliever,,https://www.arielpremium.com/product/LNA-MR16
3,LAZ-TC17,Toucan Stress Reliever,,https://www.arielpremium.com/product/LAZ-TC17
3,LWE-CH30,Cowboy Hat Stress Reliever,,https://www.arielpremium.com/product/LWE-CH30
3,LSP-RS16,Running Shoe Stress Reliever,,https://www.arielpremium.com/product/LSP-RS16
3,LCH-VH07,Valentine Heart Figure Person,,https://www.arielpremium.com/product/LCH-VH07
3,LML-MH16,Military Helicopter Stress Reliever,,https://www.arielpremium.com/product/LML-MH16
3,LFR-PU09,Orange Pumpkin Stress Reliever,,https://www.arielpremium.com/product/LFR-PU09
3,LEL-ML10,Mini Energy Saving Lightbulb Stress Reliever,,https://www.arielpremium.com/product/LEL-ML10
3,LWO-BR12,Brain Wobbler,,https://www.arielpremium.com/product/LWO-BR12
3,LKC-CD12,Cloud Key Chain,,https://www.arielpremium.com/product/LKC-CD12
3,LFD-HB07,Hamburger Stress Reliever,,https://www.arielpremium.com/product/LFD-HB07
3,LFB-SB03,Fabric Round Ball Stress Reliever,,https://www.arielpremium.com/product/LFB-SB03
3,LGS-KC12,King Chess Piece Stress Reliever,,https://www.arielpremium.com/product/LGS-KC12
3,LSP-TS16,Tennis Shoe Stress Reliever,,https://www.arielpremium.com/product/LSP-TS16
3,LAA-BF22,Bass Stress Reliever,,https://www.arielpremium.com/product/LAA-BF22
3,LFF-CP19,Cool Pig Stress Reliever,,https://www.arielpremium.com/product/LFF-CP19
3,LAF-PG12,Pig Stress Reliever,,https://www.arielpremium.com/product/LAF-PG12
3,LED-SB09,Flat Front School Bus Stress Reliever,,https://www.arielpremium.com/product/LED-SB09
3,LPH-PT02,Pill - Tablet Stress Reliever,,https://www.arielpremium.com/product/LPH-PT02
3,LTV-TR01,Tourist Stress Reliever,,https://www.arielpremium.com/product/LTV-TR01
3,LVG-MU06,Mushroom Stress Reliever,,https://www.arielpremium.com/product/LVG-MU06
3,LAN-BG98,Doctor's Bag Stress Reliever,,https://www.arielpremium.com/product/LAN-BG98
3,LGS-BL09,Building Block Stress Relievers (4-Piece Set),,https://www.arielpremium.com/product/LGS-BL09
3,LCC-AM39,Ambulance Stress Reliever,,https://www.arielpremium.com/product/LCC-AM39
3,LFD-CP11,Cupcake Stress Reliever,,https://www.arielpremium.com/product/LFD-CP11
3,LGS-BL07,Building Block Stress Reliever (Individual Piece),,https://www.arielpremium.com/product/LGS-BL07
3,LPA-UH48,Uncle Sam Patriotic Hat Stress Reliever,,https://www.arielpremium.com/product/LPA-UH48
3,LGS-3P17,3-Piece Connecting Puzzle Set Stress Reliever,,https://www.arielpremium.com/product/LGS-3P17
3,LEB-EC02,Earth Cube Stress Reliever,,https://www.arielpremium.com/product/LEB-EC02
3,LFD-CS03,Cheese Stress Reliever,,https://www.arielpremium.com/product/LFD-CS03
3,LMA-AR09,Army Officer Mad Cap Stressball,,https://www.arielpremium.com/product/LMA-AR09
3,LFF-DN16,Dinosaur Stress Reliever,,https://www.arielpremium.com/product/LFF-DN16
3,LAR-DR17,Drone Stress Reliever,,https://www.arielpremium.com/product/LAR-DR17
3,LFF-CF16,Cartoon Frog Stress Reliever,,https://www.arielpremium.com/product/LFF-CF16
3,LFN-DS04,Dollar Sign Stress Reliever,,https://www.arielpremium.com/product/LFN-DS04
3,LFD-DN07,Donut Stress Reliever,,https://www.arielpremium.com/product/LFD-DN07
3,LAZ-GA15,Gorilla Stress Reliever,,https://www.arielpremium.com/product/LAZ-GA15
3,LGS-VH07,Valentine Heart Stress Reliever,,https://www.arielpremium.com/product/LGS-VH07
3,LCC-FE08,Fire Extinguisher Stress Reliever,,https://www.arielpremium.com/product/LCC-FE08
3,LKC-SH15,Super Hero Key Chain Stress Reliever,,https://www.arielpremium.com/product/LKC-SH15
3,LBU-GW10,George Washington Bust,,https://www.arielpremium.com/product/LBU-GW10
3,LTV-CB24,Cruise Boat Stress Reliever,,https://www.arielpremium.com/product/LTV-CB24
3,LGS-SC12,Success Word Stress Reliever,,https://www.arielpremium.com/product/LGS-SC12
3,LAA-SA17,Salmon Stress Reliever,,https://www.arielpremium.com/product/LAA-SA17
3,LTV-FL95,Florida Shape Stress Reliever,,https://www.arielpremium.com/product/LTV-FL95
3,LTR-PU32,Pickup Truck Stress Reliever,,https://www.arielpremium.com/product/LTR-PU32
3,LKC-ST06,Star Key Chain Stress Reliever,,https://www.arielpremium.com/product/LKC-ST06
3,LAZ-LN11,Lion Stress Reliever,,https://www.arielpremium.com/product/LAZ-LN11
3,LPH-VL94,Vial - (Pill Bottle) Stress Reliever,,https://www.arielpremium.com/product/LPH-VL94
3,LEL-ST13,Stereo Stress Reliever,,https://www.arielpremium.com/product/LEL-ST13
3,LCN-SB17,Safety Barrel Stress Reliever,,https://www.arielpremium.com/product/LCN-SB17
3,LVG-PT08,Potato Stress Reliever,,https://www.arielpremium.com/product/LVG-PT08
3,LAZ-PT95,Panther Stress Reliever,,https://www.arielpremium.com/product/LAZ-PT95
3,LFF-FS08,Flying Saucer Stress Reliever,,https://www.arielpremium.com/product/LFF-FS08
3,LGS-KY04,Key Stress Reliever,,https://www.arielpremium.com/product/LGS-KY04
3,LSP-KA01,Karate Man Stress Reliever,,https://www.arielpremium.com/product/LSP-KA01
3,LTR-SE11,Sedan Stress Reliever,,https://www.arielpremium.com/product/LTR-SE11
3,LAA-YT10,Yellowfin Tuna Stress Reliever,,https://www.arielpremium.com/product/LAA-YT10
3,LEL-CL01,Clock Stress Reliever,,https://www.arielpremium.com/product/LEL-CL01
3,LFD-FC08,Fortune Cookie Stress Reliever,,https://www.arielpremium.com/product/LFD-FC08
3,LMT-KN06,Knight Mascot Stress Reliever,,https://www.arielpremium.com/product/LMT-KN06
3,LFF-FP01,Flying Pig Stress Reliever,,https://www.arielpremium.com/product/LFF-FP01
3,LFD-BC98,Birthday Cake Stress Reliever,,https://www.arielpremium.com/product/LFD-BC98
3,LCH-HK05,Hockey Puck Figure Stress Reliever,,https://www.arielpremium.com/product/LCH-HK05
3,LFR-BA02,Banana Stress Reliever,,https://www.arielpremium.com/product/LFR-BA02
3,LNA-BF90,Butterfly Stress Reliever,,https://www.arielpremium.com/product/LNA-BF90
3,LFN-CB13,Custom Bucks Stress Reliever,,https://www.arielpremium.com/product/LFN-CB13
3,LAA-ST01,Sea Turtle Stress Reliever,,https://www.arielpremium.com/product/LAA-ST01
3,LAA-MD11,Mallard Duck Stress Reliever,,https://www.arielpremium.com/product/LAA-MD11
3,LKC-SP14,Sitting Penguin Key Chain Stress Reliever,,https://www.arielpremium.com/product/LKC-SP14
3,LPA-RF01,Patriotic Ribbon Stress Reliever,,https://www.arielpremium.com/product/LPA-RF01
3,LAF-HR15,Horse Stress Reliever,,https://www.arielpremium.com/product/LAF-HR15
3,LKC-CV33,Convertible Car Key Chain Stress Reliever,,https://www.arielpremium.com/product/LKC-CV33
3,LTR-GT98,Gas Truck Stress Reliever,,https://www.arielpremium.com/product/LTR-GT98
3,LTR-LC30,Luxury Car Stress Reliever,,https://www.arielpremium.com/product/LTR-LC30
3,LNA-SH60,Seashell Stress Reliever,,https://www.arielpremium.com/product/LNA-SH60
3,LPH-PC95,Pill - Caplet Stress Reliever,,https://www.arielpremium.com/product/LPH-PC95
3,LSP-BG12,Boxing Glove Stress Reliever,,https://www.arielpremium.com/product/LSP-BG12
3,LMA-BH13,Baseball Mad Cap Stress Reliever,,https://www.arielpremium.com/product/LMA-BH13
3,LED-BK18,Book Stress Reliever,,https://www.arielpremium.com/product/LED-BK18
3,LAN-EY08,Eyeball Stress Reliever,,https://www.arielpremium.com/product/LAN-EY08
3,LFF-AC91,Advertising Cow Stress Reliever,,https://www.arielpremium.com/product/LFF-AC91
3,LAN-SC06,Scale Stress Reliever,,https://www.arielpremium.com/product/LAN-SC06
3,LCH-WB07,Water Bottle Figure Stress Reliever,,https://www.arielpremium.com/product/LCH-WB07
3,LGS-AP13,Mini Apathetic Mood Maniac,,https://www.arielpremium.com/product/LGS-AP13
3,LTR-PV98,Parcel Van Stress Reliever,,https://www.arielpremium.com/product/LTR-PV98
3,LNA-TR01,Tree Stress Reliever,,https://www.arielpremium.com/product/LNA-TR01
3,LTV-LS01,Lone Star State Texas Stress Reliever,,https://www.arielpremium.com/product/LTV-LS01
3,LCC-PL01,Police Cap Stress Reliever,,https://www.arielpremium.com/product/LCC-PL01
3,LFR-AP12,Apple Pie Stress Reliever,,https://www.arielpremium.com/product/LFR-AP12
3,LFF-GP91,Gentleman Penguin Stress Reliever,,https://www.arielpremium.com/product/LFF-GP91
3,LWO-WW12,Warning Wobbler Stress Reliever,,https://www.arielpremium.com/product/LWO-WW12
3,LHO-SN08,Snowman Ball Stress Reliever,,https://www.arielpremium.com/product/LHO-SN08
3,LHO-BR09,Bunny Rabbit Ball Stress Reliever,,https://www.arielpremium.com/product/LHO-BR09
3,LTR-TX31,Taxi Stress Reliever,,https://www.arielpremium.com/product/LTR-TX31
3,LPE-DP18,Dog Paw Stress Reliever,,https://www.arielpremium.com/product/LPE-DP18
3,LFR-LN14,Lemon Stress Reliever,,https://www.arielpremium.com/product/LFR-LN14
3,LAA-AL01,Alligator Stress Reliever,,https://www.arielpremium.com/product/LAA-AL01
3,LAR-BL32,Blimp Stress Reliever,,https://www.arielpremium.com/product/LAR-BL32
3,LSP-HK05,Hockey Puck Stressball,,https://www.arielpremium.com/product/LSP-HK05
3,LTV-CS37,Cruise Ship Stress Reliever,,https://www.arielpremium.com/product/LTV-CS37
3,LED-MT11,Male Teacher Stress Reliever,,https://www.arielpremium.com/product/LED-MT11
3,LPH-PR03,Round Pill Stress Reliever,,https://www.arielpremium.com/product/LPH-PR03
3,LPE-DT04,Dog Treat Stress Reliever,,https://www.arielpremium.com/product/LPE-DT04
3,LGS-CD11,Cloud Stress Reliever,,https://www.arielpremium.com/product/LGS-CD11
3,LAZ-RA15,Rabbit Stress Reliever,,https://www.arielpremium.com/product/LAZ-RA15
3,LAZ-BJ10,Blue Jay Stress Reliever,,https://www.arielpremium.com/product/LAZ-BJ10
3,LTV-BB04,Beach Ball Stress Reliever,,https://www.arielpremium.com/product/LTV-BB04
3,LGS-ST06,Star Foam Stress Reliever,,https://www.arielpremium.com/product/LGS-ST06
3,LTV-FF06,Flip Flop Stress Reliever,,https://www.arielpremium.com/product/LTV-FF06
3,LPA-RE13,Republican Elephant Stress Reliever,,https://www.arielpremium.com/product/LPA-RE13
3,LVB-VC98,Vibrating Chainsaw Stress Reliever,,https://www.arielpremium.com/product/LVB-VC98
3,LGS-SE17,Security Stress Reliever,,https://www.arielpremium.com/product/LGS-SE17
3,LGS-AW01,Awareness Ribbon Stress Reliever,,https://www.arielpremium.com/product/LGS-AW01
3,LAZ-MK06,Monkey Ball Stress Reliever,,https://www.arielpremium.com/product/LAZ-MK06
3,LFN-MB02,Money Bag Stress Reliever,,https://www.arielpremium.com/product/LFN-MB02
3,LGS-HH16,High Heel Stress Reliever,,https://www.arielpremium.com/product/LGS-HH16
3,LTV-IL92,Illinois Shape Stress Reliever,,https://www.arielpremium.com/product/LTV-IL92
3,LKC-AP01,Apple Key Chain Stress Reliever,,https://www.arielpremium.com/product/LKC-AP01
3,LCC-TC07,Trash Can Stress Reliever,,https://www.arielpremium.com/product/LCC-TC07
3,LTV-AN09,Anchor Stress Reliever,,https://www.arielpremium.com/product/LTV-AN09
3,LEL-CE12,Cell Phone Stress Reliever,,https://www.arielpremium.com/product/LEL-CE12
3,LCN-BD01,Bulldozer Stress Reliever,,https://www.arielpremium.com/product/LCN-BD01
3,LCH-BW11,Business Woman Stress Reliever,,https://www.arielpremium.com/product/LCH-BW11
3,LAR-SS35,Space Shuttle Stress Reliever,,https://www.arielpremium.com/product/LAR-SS35
3,LAA-GF10,Goldfish Stress Reliever,,https://www.arielpremium.com/product/LAA-GF10
3,LCN-CH18,Courthouse Stress Reliever,,https://www.arielpremium.com/product/LCN-CH18
3,LMT-CR17,Crocodile Mascot Stress Reliever,,https://www.arielpremium.com/product/LMT-CR17
3,LMT-GR09,Tiger Mascot Stress Reliever,,https://www.arielpremium.com/product/LMT-GR09
3,LAN-NU01,Nurse Stress Reliever,,https://www.arielpremium.com/product/LAN-NU01
3,LNA-GR07,Granite Rock Stress Reliever,,https://www.arielpremium.com/product/LNA-GR07
3,LDB-AL06,Alice Stress Reliever,,https://www.arielpremium.com/product/LDB-AL06
3,LMT-NH11,We're Number One Stress Reliever,,https://www.arielpremium.com/product/LMT-NH11
3,LGS-FR08,Film Reel Stress Reliever,,https://www.arielpremium.com/product/LGS-FR08
3,LKC-AN13,Mood Maniac Key Chain-Angry,,https://www.arielpremium.com/product/LKC-AN13
3,LKC-VL08,Volleyball Key Chain Stress Reliever,,https://www.arielpremium.com/product/LKC-VL08
3,LTV-CF98,Canadian Flag Stress Reliever,,https://www.arielpremium.com/product/LTV-CF98
3,LPE-PC34,Persian Cat Stress Reliever,,https://www.arielpremium.com/product/LPE-PC34
3,LSP-BK02,Basketball Stress Reliever,,https://www.arielpremium.com/product/LSP-BK02
3,LSB-SB03,Round Stress Ball Stress Reliever,,https://www.arielpremium.com/product/LSB-SB03
3,LDT-WD06,Wobble Droplet,,https://www.arielpremium.com/product/LDT-WD06
3,LKC-SC06,Soccer Ball Key Chain Stress Reliever,,https://www.arielpremium.com/product/LKC-SC06
3,LVG-EP05,Eggplant Stress Reliever,,https://www.arielpremium.com/product/LVG-EP05
3,LGS-GA13,Gavel Stress Reliever,,https://www.arielpremium.com/product/LGS-GA13
3,LGS-AW15,Awesome Word Stress Reliever,,https://www.arielpremium.com/product/LGS-AW15
3,LAN-ST16,Stomach Stress Reliever,,https://www.arielpremium.com/product/LAN-ST16
3,LTV-LF06,Life Preserver Stress Reliever,,https://www.arielpremium.com/product/LTV-LF06
3,LAZ-BU12,Buffalo Stress Reliever,,https://www.arielpremium.com/product/LAZ-BU12
3,LTR-CT38,Container Ship Stress Reliever,,https://www.arielpremium.com/product/LTR-CT38
3,LMT-LN06,Lion Mascot Stress Reliever,,https://www.arielpremium.com/product/LMT-LN06
3,LGS-PN15,Pinata Stress Reliever,,https://www.arielpremium.com/product/LGS-PN15
3,LDB-DG06,Dogbert Stress Reliever,,https://www.arielpremium.com/product/LDB-DG06
3,LKC-HA13,Mood Maniac Key Chain-Happy,,https://www.arielpremium.com/product/LKC-HA13
3,LHO-PM06,Pumpkin Maniacal Stress Reliever,,https://www.arielpremium.com/product/LHO-PM06
3,LKC-HB07,Hamburger Key Chain Stress Reliever,,https://www.arielpremium.com/product/LKC-HB07
3,LTV-SM19,Slot Machine Stress Reliever,,https://www.arielpremium.com/product/LTV-SM19
3,LED-PE01,Pencil Stress Reliever,,https://www.arielpremium.com/product/LED-PE01
3,LAA-MA01,Marlin Stress Reliever,,https://www.arielpremium.com/product/LAA-MA01
3,LAN-PR91,Prostate Stress Reliever,,https://www.arielpremium.com/product/LAN-PR91
3,LAZ-EL03,Elephant Stress Reliever,,https://www.arielpremium.com/product/LAZ-EL03
3,LFF-PR15,Princess Stress Reliever,,https://www.arielpremium.com/product/LFF-PR15
3,LTR-MT34,Metro Train Stress Reliever,,https://www.arielpremium.com/product/LTR-MT34
3,LFR-LM04,Lime Stress Reliever,,https://www.arielpremium.com/product/LFR-LM04
3,LWO-SH12,Super Hero Wobbler,,https://www.arielpremium.com/product/LWO-SH12
3,LSP-VL08,Volleyball Stressball,,https://www.arielpremium.com/product/LSP-VL08
3,LCH-VL08,Volleyball Figure Stress Reliever,,https://www.arielpremium.com/product/LCH-VL08
3,LMA-FS01,Fiesta Sombreo Stress Reliever,,https://www.arielpremium.com/product/LMA-FS01
3,LSB-CB10,Camouflage Stress Ball,,https://www.arielpremium.com/product/LSB-CB10
3,LGS-AN13,Mini Angry Mood Maniac,,https://www.arielpremium.com/product/LGS-AN13
3,LTR-SU06,Suv Stress Reliever,,https://www.arielpremium.com/product/LTR-SU06
3,LPH-PB97,Prescription Bottle Stress Reliever,,https://www.arielpremium.com/product/LPH-PB97
3,LMT-EG06,Eagle Mascot Stress Reliever,,https://www.arielpremium.com/product/LMT-EG06
3,LEB-EM18,Earthball Man Stress Reliever,,https://www.arielpremium.com/product/LEB-EM18
3,LAZ-EA16,Eagle Stress Reliever,,https://www.arielpremium.com/product/LAZ-EA16
3,LFN-MD01,Million Dollar Bill Stress Reliever,,https://www.arielpremium.com/product/LFN-MD01
3,LDB-CB06,Catbert Stress Reliever,,https://www.arielpremium.com/product/LDB-CB06
3,LFF-TC07,Treasure Chest Stress Reliever,,https://www.arielpremium.com/product/LFF-TC07
3,LAN-NB01,Nurse Bear Stress Reliever,,https://www.arielpremium.com/product/LAN-NB01
3,LGS-PZ01,Puzzle Piece Stress Reliever,,https://www.arielpremium.com/product/LGS-PZ01
3,LGS-CP07,Knight Chess Piece Stress Reliever,,https://www.arielpremium.com/product/LGS-CP07
3,LAA-SK15,Shark Stress Reliever,,https://www.arielpremium.com/product/LAA-SK15
3,LFD-SC96,Shopping Cart Stress Reliever,,https://www.arielpremium.com/product/LFD-SC96
3,LMU-EG07,Electric Guitar Stress Reliever,,https://www.arielpremium.com/product/LMU-EG07
3,LAF-TR10,Tractor Stress Reliever,,https://www.arielpremium.com/product/LAF-TR10
3,LTR-CB03,City Bus Stress Reliever,,https://www.arielpremium.com/product/LTR-CB03
3,LFD-PZ07,Pizza Stress Reliever,,https://www.arielpremium.com/product/LFD-PZ07
3,LCA-SS09,Super Smiley Hero Stress Reliever,,https://www.arielpremium.com/product/LCA-SS09
3,LFF-SH06,Super Hero Stress Reliever,,https://www.arielpremium.com/product/LFF-SH06
3,LEL-GC12,Game Controller Stress Reliever,,https://www.arielpremium.com/product/LEL-GC12
3,LSP-BB10,Bowling Ball Stress Reliever,,https://www.arielpremium.com/product/LSP-BB10
3,LAZ-PB09,Polar Bear Stress Reliever,,https://www.arielpremium.com/product/LAZ-PB09
3,LSP-YG01,Yoga Girl Stress Reliever,,https://www.arielpremium.com/product/LSP-YG01
3,LKC-ST13,Mood Maniac Key Chain-Stressed,,https://www.arielpremium.com/product/LKC-ST13
3,LCN-OD17,Oil Drum Stress Reliever,,https://www.arielpremium.com/product/LCN-OD17
3,LPE-CD13,Cartoon Dog Stress Reliever,,https://www.arielpremium.com/product/LPE-CD13
3,LFD-BE07,Beer Mug Stress Reliever,,https://www.arielpremium.com/product/LFD-BE07
3,LTR-TT05,Tow Truck Stress Reliever,,https://www.arielpremium.com/product/LTR-TT05
3,LFD-AV06,Avocado Stress Reliever,,https://www.arielpremium.com/product/LFD-AV06
3,LGS-EX13,Exclamation Mark Stress Reliever,,https://www.arielpremium.com/product/LGS-EX13
3,LSP-DB17,Dumbbell Stress Reliever,,https://www.arielpremium.com/product/LSP-DB17
3,LAA-SP14,Sitting Penguin Stress Reliever,,https://www.arielpremium.com/product/LAA-SP14
3,LAR-ST97,Saturn Stress Reliever,,https://www.arielpremium.com/product/LAR-ST97
3,LAN-FT25,Foot Stress Reliever,,https://www.arielpremium.com/product/LAN-FT25
3,LEL-CP03,Computer Stress Reliever,,https://www.arielpremium.com/product/LEL-CP03
3,LMU-PN08,Piano Stress Reliever,,https://www.arielpremium.com/product/LMU-PN08
3,LCN-HA01,Hammer Stress Reliever,,https://www.arielpremium.com/product/LCN-HA01
3,LHO-PS07,Pumpkin Smile Stress Reliever,,https://www.arielpremium.com/product/LHO-PS07
3,LGS-WO17,WOW Stress Reliever,,https://www.arielpremium.com/product/LGS-WO17
3,LSC-CF08,Chemical Flask Stress Reliever,,https://www.arielpremium.com/product/LSC-CF08
3,LGS-GE13,Golden Egg Stress Reliever,,https://www.arielpremium.com/product/LGS-GE13
3,LGS-SD96,Star Of David Stress Reliever,,https://www.arielpremium.com/product/LGS-SD96
3,LNA-SS12,Smooth Rock Stress Reliever,,https://www.arielpremium.com/product/LNA-SS12
3,LKC-HS19,House Key Chain Stress Reliever,,https://www.arielpremium.com/product/LKC-HS19
3,LFD-CA08,Cake Slice Stress Reliever,,https://www.arielpremium.com/product/LFD-CA08
3,LFN-WS03,Wall Street Bull Stress Reliever,,https://www.arielpremium.com/product/LFN-WS03
3,LAZ-NB10,Networking Bird Stress Reliever,,https://www.arielpremium.com/product/LAZ-NB10
3,LSP-BA01,Baseball Stress Reliever,,https://www.arielpremium.com/product/LSP-BA01
3,LFD-CB02,Coffee Bean Stress Reliever,,https://www.arielpremium.com/product/LFD-CB02
3,LGS-DM03,Diamond Stress Reliever,,https://www.arielpremium.com/product/LGS-DM03
3,LVG-SP09,Sweet Potato Stress Reliever,,https://www.arielpremium.com/product/LVG-SP09
3,LTR-AQ78,Antique Car Stress Reliever,,https://www.arielpremium.com/product/LTR-AQ78
3,LFF-MN01,Man in the Moon Stress Reliever,,https://www.arielpremium.com/product/LFF-MN01
3,LAN-BT22,Breast Stress Reliever,,https://www.arielpremium.com/product/LAN-BT22
3,LGB-CL15,Pop'n Cool Squeezie Smiley Face,,https://www.arielpremium.com/product/LGB-CL15
3,LEL-LT05,Laptop Computer Stress Reliever,,https://www.arielpremium.com/product/LEL-LT05
3,LFD-BA13,Bacon Stress Reliever,,https://www.arielpremium.com/product/LFD-BA13
3,LCN-MH13,Modern House Stress Reliever,,https://www.arielpremium.com/product/LCN-MH13
3,LCC-FT25,Fire Truck Stress Reliever,,https://www.arielpremium.com/product/LCC-FT25
3,LFF-ZM13,Zombie Stress Reliever,,https://www.arielpremium.com/product/LFF-ZM13
3,LML-AM15,Army Man Stress Reliever,,https://www.arielpremium.com/product/LML-AM15
3,LFF-PF04,Pig Funny Face Stress Reliever,,https://www.arielpremium.com/product/LFF-PF04
3,LKC-HD01,$100 Bill Key Chain Stress Reliever,,https://www.arielpremium.com/product/LKC-HD01
3,LFF-MC11,Milk Cow Funny Face Stress Reliever,,https://www.arielpremium.com/product/LFF-MC11
3,LML-SU33,Submarine Stress Reliever,,https://www.arielpremium.com/product/LML-SU33
3,LNA-SP05,Sunflower in Pot Stress Reliever,,https://www.arielpremium.com/product/LNA-SP05
3,LWE-CB88,Cowboy Boot Stress Reliever,,https://www.arielpremium.com/product/LWE-CB88
3,LAN-NS20,Nose Stress Reliever,,https://www.arielpremium.com/product/LAN-NS20
3,LSP-MA20,Muscle Arm Stress Reliever,,https://www.arielpremium.com/product/LSP-MA20
3,LKC-HK10,Hockey Puck Key Chain,,https://www.arielpremium.com/product/LKC-HK10
3,LCC-PB08,Police Bear Stress Reliever,,https://www.arielpremium.com/product/LCC-PB08
3,LED-TB09,Teacher Bear Stress Reliever,,https://www.arielpremium.com/product/LED-TB09
3,LSB-JB08,Jewel Stress Ball,,https://www.arielpremium.com/product/LSB-JB08
3,LWE-LH13,Longhorn Stress Reliever,,https://www.arielpremium.com/product/LWE-LH13
3,LFF-SK08,Cartoon Shark Stress Reliever,,https://www.arielpremium.com/product/LFF-SK08
3,LAZ-HP04,Hippo Stress Reliever,,https://www.arielpremium.com/product/LAZ-HP04
3,LTR-HC12,Hybrid Car,,https://www.arielpremium.com/product/LTR-HC12
3,LPE-TB98,Teddy Bear Stress Reliever,,https://www.arielpremium.com/product/LPE-TB98
3,LAF-MU99,Mule Stress Reliever,,https://www.arielpremium.com/product/LAF-MU99
3,LAZ-BA17,Bat Stress Reliever,,https://www.arielpremium.com/product/LAZ-BA17
3,LFF-RK08,Rocket Stress Reliever,,https://www.arielpremium.com/product/LFF-RK08
3,LGB-HA15,Pop'n Happy Squeezie Smiley Face,,https://www.arielpremium.com/product/LGB-HA15
3,LTV-SP07,Speed Boat Stress Reliever,,https://www.arielpremium.com/product/LTV-SP07
3,LAZ-MO17,Monkey Stress Reliever,,https://www.arielpremium.com/product/LAZ-MO17
3,LMA-HH14,Hard Hat Mad Cap Stress Reliever,,https://www.arielpremium.com/product/LMA-HH14
3,LFR-SW08,Strawberry Stress Reliever,,https://www.arielpremium.com/product/LFR-SW08
3,LFF-RD16,Rubber Duck Stress Reliever,,https://www.arielpremium.com/product/LFF-RD16
3,LFD-HD10,Hot Dog Stress Reliever,,https://www.arielpremium.com/product/LFD-HD10
3,LGS-HR18,Home Run Stress Reliever,,https://www.arielpremium.com/product/LGS-HR18
3,LCH-CE12,Cell Phone Figure Stress Reliever,,https://www.arielpremium.com/product/LCH-CE12
3,LKC-GF04,Golf Ball Key Chain Stress Reliever,,https://www.arielpremium.com/product/LKC-GF04
3,LEL-CM04,Computer Mouse Stress Reliever,,https://www.arielpremium.com/product/LEL-CM04
3,LCN-BS18,Bridge Stress Reliever,,https://www.arielpremium.com/product/LCN-BS18
3,LVG-BP01,Bell Pepper Stress Reliever,,https://www.arielpremium.com/product/LVG-BP01
3,LKC-FP15,Flying Pig Key Chain Stress Reliever,,https://www.arielpremium.com/product/LKC-FP15
3,LAN-ER24,Ear Stress Reliever,,https://www.arielpremium.com/product/LAN-ER24
3,LSB-TB06,Troll Ball Stress Reliever,,https://www.arielpremium.com/product/LSB-TB06
3,LKC-FT25,Fire Truck Key Chain Stress Reliever,,https://www.arielpremium.com/product/LKC-FT25
3,LAZ-SQ15,Squirrel Stress Reliever,,https://www.arielpremium.com/product/LAZ-SQ15
3,LAN-RC30,Red Blood Cell Stress Reliever,,https://www.arielpremium.com/product/LAN-RC30
3,LAF-CH03,Chicken Stress Reliever,,https://www.arielpremium.com/product/LAF-CH03
3,LCN-HH14,Hard Hat Stress Reliever,,https://www.arielpremium.com/product/LCN-HH14
3,LCA-AN12,Mood Maniac Wobbler-Angry,,https://www.arielpremium.com/product/LCA-AN12
3,LVG-CU23,Cucumber Stress Reliever,,https://www.arielpremium.com/product/LVG-CU23
3,LKC-SW08,Strawberry Key Chain Stress Reliever,,https://www.arielpremium.com/product/LKC-SW08
3,LFR-PM08,Pomegranate Stress Reliever,,https://www.arielpremium.com/product/LFR-PM08
3,LCC-NP30,Newspaper Stress Reliever,,https://www.arielpremium.com/product/LCC-NP30
3,LTR-TR15,Car Tire Stressball,,https://www.arielpremium.com/product/LTR-TR15
3,LTR-MB39,Metro Bus Stress Reliever,,https://www.arielpremium.com/product/LTR-MB39
3,LHO-FC08,4-Leaf Clover Stress Reliever,,https://www.arielpremium.com/product/LHO-FC08
3,LSP-BH13,Baseball Hat Stress Reliever,,https://www.arielpremium.com/product/LSP-BH13
3,LMA-CH09,Chef Mad Cap Stressball,,https://www.arielpremium.com/product/LMA-CH09
3,LAA-DP03,Dolphin Stress Reliever,,https://www.arielpremium.com/product/LAA-DP03
3,LKC-BK02,Basketball Key Chain Stress Reliever,,https://www.arielpremium.com/product/LKC-BK02
3,LFD-IC08,Ice Cream Cone Stress Reliever,,https://www.arielpremium.com/product/LFD-IC08
3,LFD-WN09,Walnut Stress Reliever,,https://www.arielpremium.com/product/LFD-WN09
3,LCC-GB09,Garbage Truck Stress Reliever,,https://www.arielpremium.com/product/LCC-GB09
3,LNA-OW01,Owl Stress Reliever,,https://www.arielpremium.com/product/LNA-OW01
3,LCA-HR09,Super Heroine Stress Reliever,,https://www.arielpremium.com/product/LCA-HR09
3,LVG-LE10,Lettuce Stress Reliever,,https://www.arielpremium.com/product/LVG-LE10
3,LCN-DT02,Dump Truck Stress Reliever,,https://www.arielpremium.com/product/LCN-DT02
3,LCC-ST11,Stop Sign Stress Reliever,,https://www.arielpremium.com/product/LCC-ST11
3,LAZ-ZE10,Zebra Stress Reliever,,https://www.arielpremium.com/product/LAZ-ZE10
3,LAN-MH15,Big Mouth Stress Reliever,,https://www.arielpremium.com/product/LAN-MH15
3,LCN-PS18,Pipe Stress Reliever,,https://www.arielpremium.com/product/LCN-PS18
3,LGS-YY07,Yin & Yang Stress Reliever,,https://www.arielpremium.com/product/LGS-YY07
3,LCN-TB03,Toolbox Stress Reliever,,https://www.arielpremium.com/product/LCN-TB03
3,LCH-EB01,Earthball Figure Stress Reliever,,https://www.arielpremium.com/product/LCH-EB01
3,LAA-WH08,Whale Stress Reliever,,https://www.arielpremium.com/product/LAA-WH08
3,LMA-SA09,Sailor Mad Cap Stress Reliever,,https://www.arielpremium.com/product/LMA-SA09
3,LCA-WS10,Mood Maniac Wobbler-Stressed,,https://www.arielpremium.com/product/LCA-WS10
3,LVG-CP07,Chili Pepper Stress Reliever,,https://www.arielpremium.com/product/LVG-CP07
3,LAN-KN11,Kidney Stress Reliever,,https://www.arielpremium.com/product/LAN-KN11
3,LAR-AS01,Astronaut Stress Reliever,,https://www.arielpremium.com/product/LAR-AS01
3,LFF-AL08,Alien Stress Reliever,,https://www.arielpremium.com/product/LFF-AL08
3,LAF-SH14,Sheep Stress Reliever,,https://www.arielpremium.com/product/LAF-SH14
3,LFN-BN07,Businessman Stress Reliever,,https://www.arielpremium.com/product/LFN-BN07
3,LTR-CC99,Cargo Container Stress Reliever,,https://www.arielpremium.com/product/LTR-CC99
3,LGS-CM09,Check Mark Stress Reliever,,https://www.arielpremium.com/product/LGS-CM09
3,LAR-HA30,Hot Air Balloon Stress Reliever,,https://www.arielpremium.com/product/LAR-HA30
3,LFD-PC17,Pistachio Stress Reliever,,https://www.arielpremium.com/product/LFD-PC17
3,LAN-PH01,Physician Stress Reliever,,https://www.arielpremium.com/product/LAN-PH01
3,LFF-VK15,Viking Stress Reliever,,https://www.arielpremium.com/product/LFF-VK15
3,LFD-MF17,Muffin Stress Reliever,,https://www.arielpremium.com/product/LFD-MF17
3,LTV-CA06,California Shape Stress Reliever,,https://www.arielpremium.com/product/LTV-CA06
3,LTV-SC07,Stock Car Stress Reliever,,https://www.arielpremium.com/product/LTV-SC07
3,LAN-BU07,Buttocks Stress Reliever,,https://www.arielpremium.com/product/LAN-BU07
3,LCA-NJ09,Ninja Stress Reliever,,https://www.arielpremium.com/product/LCA-NJ09
3,LML-MT01,Military Truck Stress Reliever,,https://www.arielpremium.com/product/LML-MT01
3,LCC-PM06,Policeman Stress Reliever,,https://www.arielpremium.com/product/LCC-PM06
3,LAA-TR07,Trout Stress Reliever,,https://www.arielpremium.com/product/LAA-TR07
3,LFN-GB15,999.9 Fine Gold Bar Stress Reliever,,https://www.arielpremium.com/product/LFN-GB15
3,LFF-UN17,Unicorn Stress Reliever,,https://www.arielpremium.com/product/LFF-UN17
3,LTV-PW46,Pillow Stress Reliever,,https://www.arielpremium.com/product/LTV-PW46
3,LKC-AP13,Mood Maniac Key Chain-Apathetic,,https://www.arielpremium.com/product/LKC-AP13
3,LSP-FB03,"Small 3 Football Stress Reliever""",,https://www.arielpremium.com/product/LSP-FB03
3,LFR-MA08,Mango Stress Reliever,,https://www.arielpremium.com/product/LFR-MA08
3,LVG-CY11,Celery Stress Reliever,,https://www.arielpremium.com/product/LVG-CY11
3,LAZ-BR09,Bear Stress Reliever,,https://www.arielpremium.com/product/LAZ-BR09
3,LFD-SH07,Shrimp Stress Reliever,,https://www.arielpremium.com/product/LFD-SH07
3,LGS-DP06,Droplet Stress Reliever,,https://www.arielpremium.com/product/LGS-DP06
3,LCH-TX14,Texas Figure Stress Reliever,,https://www.arielpremium.com/product/LCH-TX14
3,LFR-BB07,Blueberry Stress Reliever,,https://www.arielpremium.com/product/LFR-BB07
3,LGS-MS07,Microscope Stress Reliever,,https://www.arielpremium.com/product/LGS-MS07
3,LPA-BU93,Patriotic Bull Stress Reliever,,https://www.arielpremium.com/product/LPA-BU93
3,LMA-PA48,Patriotic Mad Cap Stress Reliever,,https://www.arielpremium.com/product/LMA-PA48
3,LCN-BR31,Brick with Holes Stress Reliever,,https://www.arielpremium.com/product/LCN-BR31
3,LMT-BE07,Bear Mascot Stress Reliever,,https://www.arielpremium.com/product/LMT-BE07
3,LFR-TM09,Tomato Stress Reliever,,https://www.arielpremium.com/product/LFR-TM09
3,LSP-TE07,Tennis Ball Stressball,,https://www.arielpremium.com/product/LSP-TE07
3,LNA-SF70,Sunflower Stress Reliever,,https://www.arielpremium.com/product/LNA-SF70
3,LFR-PN07,Pineapple Stress Reliever,,https://www.arielpremium.com/product/LFR-PN07
3,LTR-WG99,Wagon Stress Reliever,,https://www.arielpremium.com/product/LTR-WG99
3,LSP-SC06,Soccer Ball Stress Reliever,,https://www.arielpremium.com/product/LSP-SC06
3,LCH-BA01,Baseball Figure Stress Reliever,,https://www.arielpremium.com/product/LCH-BA01
3,LCN-CB08,Cement Block Stress Reliever,,https://www.arielpremium.com/product/LCN-CB08
3,LAN-HF24,Hand Stress Reliever,,https://www.arielpremium.com/product/LAN-HF24
3,LAZ-BV10,Beaver Stress Reliever,,https://www.arielpremium.com/product/LAZ-BV10
3,LCH-FB03,Football Stress Reliever Figure,,https://www.arielpremium.com/product/LCH-FB03
3,LKC-DP03,Dolphin Key Chain Stress Reliever,,https://www.arielpremium.com/product/LKC-DP03
3,LKC-SB03,Stress Ball Key Chain Stress Reliever,,https://www.arielpremium.com/product/LKC-SB03
3,LFD-YG13,Yogurt Stress Reliever,,https://www.arielpremium.com/product/LFD-YG13
3,LGS-DV01,Dove Stress Reliever,,https://www.arielpremium.com/product/LGS-DV01
3,LKC-CC15,Construction Cone Key Chain Stress Reliever,,https://www.arielpremium.com/product/LKC-CC15
3,LTR-CA02,Cargo Boat Stress Reliever,,https://www.arielpremium.com/product/LTR-CA02
3,LGB-CY10,Cool Sun Yo-Yo,,https://www.arielpremium.com/product/LGB-CY10
3,LFD-FF05,French Fries Stress Reliever,,https://www.arielpremium.com/product/LFD-FF05
3,LKC-SH14,Sheep Key Chain Stress Reliever,,https://www.arielpremium.com/product/LKC-SH14
3,LFR-CA01,Cantaloupe Stress Reliever,,https://www.arielpremium.com/product/LFR-CA01
3,LFF-MS15,Movie Star Stress Reliever,,https://www.arielpremium.com/product/LFF-MS15
3,LFN-BP01,Banker Pig Stress Reliever,,https://www.arielpremium.com/product/LFN-BP01
3,LGS-TW12,Teamwork Word Stress Reliever,,https://www.arielpremium.com/product/LGS-TW12
3,LAZ-KB14,Koala Bear Stress Reliever,,https://www.arielpremium.com/product/LAZ-KB14
3,LGS-2P17,2-Piece Connecting Puzzle Set Stress Reliever,,https://www.arielpremium.com/product/LGS-2P17
3,LGS-TP07,Teamwork Puzzle Set,,https://www.arielpremium.com/product/LGS-TP07
3,LSP-MM01,Muscle Man Stress Reliever,,https://www.arielpremium.com/product/LSP-MM01
3,LFR-RB10,Raspberry With Leaf Stress Reliever,,https://www.arielpremium.com/product/LFR-RB10
3,LPH-CA01,Capsule Stress Reliever,,https://www.arielpremium.com/product/LPH-CA01
3,LCA-AP12,Mood Maniac Wobbler-Apathetic,,https://www.arielpremium.com/product/LCA-AP12
3,LEL-CY12,Copy Machine Stress Reliever,,https://www.arielpremium.com/product/LEL-CY12
3,LMT-PN06,Panther Mascot Stress Reliever,,https://www.arielpremium.com/product/LMT-PN06
3,LTV-DC05,Dice Stress Reliever,,https://www.arielpremium.com/product/LTV-DC05
3,LTV-TX22,Texas Shape Stress Reliever,,https://www.arielpremium.com/product/LTV-TX22
3,LCH-MF01,Military Figure Stress Reliever,,https://www.arielpremium.com/product/LCH-MF01
3,LTR-DT19,Delivery Truck Stress Reliever,,https://www.arielpremium.com/product/LTR-DT19
3,LKC-BR05,Brain Key Chain Stress Reliever,,https://www.arielpremium.com/product/LKC-BR05
3,LPA-SL30,Statue of Liberty Stress Reliever,,https://www.arielpremium.com/product/LPA-SL30
3,LNA-CA09,Cardinal Stress Reliever,,https://www.arielpremium.com/product/LNA-CA09
3,LPE-CC13,Cartoon Cat Stress Reliever,,https://www.arielpremium.com/product/LPE-CC13
3,LVG-AS16,Asparagus Stress Reliever,,https://www.arielpremium.com/product/LVG-AS16
3,LKC-BA01,Baseball Key Chain Stress Reliever,,https://www.arielpremium.com/product/LKC-BA01
3,LGS-PL06,Padlock Stress Reliever,,https://www.arielpremium.com/product/LGS-PL06
3,LFR-CH10,Cherry Stress Reliever,,https://www.arielpremium.com/product/LFR-CH10
3,LSP-BW09,Bowling Pin Stress Reliever,,https://www.arielpremium.com/product/LSP-BW09
3,LFR-PR11,Pear Stress Reliever,,https://www.arielpremium.com/product/LFR-PR11
3,LMA-PR06,Pirate Mad Cap Stress Reliever,,https://www.arielpremium.com/product/LMA-PR06
3,LAN-DC01,Doctor Stress Reliever,,https://www.arielpremium.com/product/LAN-DC01
3,LEL-WS01,Widescreen TV Stress Reliever,,https://www.arielpremium.com/product/LEL-WS01
3,LGS-HA13,Mini Mood Maniac-Happy Stress Reliever,,https://www.arielpremium.com/product/LGS-HA13
3,LMU-SA06,Saxophone Stress Reliever,,https://www.arielpremium.com/product/LMU-SA06
3,LCH-HD96,Hiking Droplet Stress Reliever Figure,,https://www.arielpremium.com/product/LCH-HD96
3,LGS-CP17,Connecting Puzzle Piece Stress Reliever,,https://www.arielpremium.com/product/LGS-CP17
3,LGS-FA15,Fantastic Word Stress Reliever,,https://www.arielpremium.com/product/LGS-FA15
3,LCN-SC01,Screwdriver Stress Reliever,,https://www.arielpremium.com/product/LCN-SC01
3,LAZ-RH19,Rhino Stress Reliever,,https://www.arielpremium.com/product/LAZ-RH19
3,LEN-WT07,Wind Turbine Stress Reliever,,https://www.arielpremium.com/product/LEN-WT07
3,LCN-CM03,Concrete Mixer Stress Reliever,,https://www.arielpremium.com/product/LCN-CM03
3,LMA-CB06,Cowboy Mad Cap Stress Reliever,,https://www.arielpremium.com/product/LMA-CB06
3,LVB-MC11,Vibrating Milk Cow Stress Reliever,,https://www.arielpremium.com/product/LVB-MC11
3,LVG-ON09,Onion Stress Reliever,,https://www.arielpremium.com/product/LVG-ON09
3,LCC-FM06,Fireman Stress Reliever,,https://www.arielpremium.com/product/LCC-FM06
3,LAN-HB27,Human Bone Stress Reliever,,https://www.arielpremium.com/product/LAN-HB27
3,LKC-SK08,Shark Key Chain Stress Reliever,,https://www.arielpremium.com/product/LKC-SK08
3,LAN-PB07,Physician Bear Stress Reliever,,https://www.arielpremium.com/product/LAN-PB07
3,LFF-MK96,Monkey Stress Reliever Funny Face,,https://www.arielpremium.com/product/LFF-MK96
3,LMT-CM17,Chicken Mascot Stress Reliever,,https://www.arielpremium.com/product/LMT-CM17
3,LTV-RC38,Race Car Stress Reliever,,https://www.arielpremium.com/product/LTV-RC38
3,LWO-MC12,Milk Cow Wobbler,,https://www.arielpremium.com/product/LWO-MC12
3,LFF-RB08,Robot Stress Reliever,,https://www.arielpremium.com/product/LFF-RB08
3,LSC-AS08,Atomic Symbol Stress Reliever,,https://www.arielpremium.com/product/LSC-AS08
3,LNA-MN06,Moon Stress Reliever,,https://www.arielpremium.com/product/LNA-MN06
3,LKC-BE19,Bee Key Chain Stress Reliever,,https://www.arielpremium.com/product/LKC-BE19
3,LDB-BS06,The Boss Stress Reliever,,https://www.arielpremium.com/product/LDB-BS06
3,LEL-TE10,Telephone Stress Reliever,,https://www.arielpremium.com/product/LEL-TE10
3,LFF-CS05,Cool Sun Stress Reliever,,https://www.arielpremium.com/product/LFF-CS05
3,LGS-AR01,Arrow Stress Reliever,,https://www.arielpremium.com/product/LGS-AR01
3,LAN-LU13,Lungs Stress Reliever,,https://www.arielpremium.com/product/LAN-LU13
3,LCC-TH99,State Trooper Hat Stress Reliever,,https://www.arielpremium.com/product/LCC-TH99
3,LGS-HF18,Happy Face Slo-Release Serenity Squishy,,https://www.arielpremium.com/product/LGS-HF18
3,LGS-CS02,Captain Smiley Stress Reliever,,https://www.arielpremium.com/product/LGS-CS02
3,LAA-AA07,American Alligator Stress Reliever,,https://www.arielpremium.com/product/LAA-AA07
3,LGS-PP15,Paint Palette Stress Reliever,,https://www.arielpremium.com/product/LGS-PP15
3,LKC-CS11,Cool Sun Key Chain,,https://www.arielpremium.com/product/LKC-CS11
3,WHF-JB16,Jumbo Screen Multi-Function Pedometer with Clock,,https://www.arielpremium.com/product/WHF-JB16
3,WHF-CS08,Cosmic Solar Pedometer,,https://www.arielpremium.com/product/WHF-CS08
3,WHF-AW13,Air Weight Pedometer,,https://www.arielpremium.com/product/WHF-AW13
3,WHF-UG11,U-Go Step Pedometer,,https://www.arielpremium.com/product/WHF-UG11
3,WCP-CW18,Comet Smartphone Wristband,,https://www.arielpremium.com/product/WCP-CW18
3,WHF-RS11,Round Step Pedometer,,https://www.arielpremium.com/product/WHF-RS11
3,WHF-CG13,Clip N' Go 3D Sensor Pedometer,,https://www.arielpremium.com/product/WHF-CG13
3,WHF-DC10,Id Clip Pedometer,,https://www.arielpremium.com/product/WHF-DC10
3,WHF-SH10,Step Hero Pedometer,,https://www.arielpremium.com/product/WHF-SH10
3,WBA-QC10,Quick Kick Duffel Bag,,https://www.arielpremium.com/product/WBA-QC10
3,WHF-JP08,Jewel Pedometer,,https://www.arielpremium.com/product/WHF-JP08
3,WHF-US10,Data Tracker Usb Pedometer,,https://www.arielpremium.com/product/WHF-US10
3,WHF-SW16,Smart Wear Bluetooth Tracker,,https://www.arielpremium.com/product/WHF-SW16
3,WHF-SS11,Sun Step Solar Pedometer,,https://www.arielpremium.com/product/WHF-SS11
3,WHF-SF10,Safety Flash Pedometer,,https://www.arielpremium.com/product/WHF-SF10
3,WHF-SL07,Solar Powered Pedometer,,https://www.arielpremium.com/product/WHF-SL07
3,WOR-JR20,Fun Skipper Jump Rope,,https://www.arielpremium.com/product/WOR-JR20
3,WHF-SP12,Simple Shoe Pedometer,,https://www.arielpremium.com/product/WHF-SP12
3,WHF-FC09,Flip Clip Pedometer,,https://www.arielpremium.com/product/WHF-FC09
3,WHF-MR15,Fitness First Stretch Expander-Medium Resistance,,https://www.arielpremium.com/product/WHF-MR15
3,WHF-QS15,Quick-Speed Jump Rope,,https://www.arielpremium.com/product/WHF-QS15
3,WHF-QR13,Quick-Read Pedometer,,https://www.arielpremium.com/product/WHF-QR13
3,WHF-ES13,Easy Set Bmi Pedometer,,https://www.arielpremium.com/product/WHF-ES13
3,WOR-HF21,Heart Fitness Jump Rope,,https://www.arielpremium.com/product/WOR-HF21
3,WHF-ES16,Easy See Pedometer with Clock,,https://www.arielpremium.com/product/WHF-ES16
3,WHF-TS10,Touch Screen Pedometer,,https://www.arielpremium.com/product/WHF-TS10
3,WHF-RP18,Rally Pedometer Watch,,https://www.arielpremium.com/product/WHF-RP18
3,WHF-PP13,Pulse Plus 3D Sensor Pedometer,,https://www.arielpremium.com/product/WHF-PP13
3,WLT-DB14,Duo Bike Light Set,,https://www.arielpremium.com/product/WLT-DB14
3,WHF-MS15,Million Step 3D Sensor Pedometer,,https://www.arielpremium.com/product/WHF-MS15
3,WHF-PD15,3D Multifunction Pedometer with Docking Station,,https://www.arielpremium.com/product/WHF-PD15
3,WHF-GV13,Grand View Trek Pedometer,,https://www.arielpremium.com/product/WHF-GV13
3,WPC-EC18,Eclipse Copper-Infused Cooling Towel,,https://www.arielpremium.com/product/WPC-EC18
3,WHF-HH10,Healthy Heart Step Pedometer,,https://www.arielpremium.com/product/WHF-HH10
3,WHF-ER11,Easy Read Large Screen Pedometer,,https://www.arielpremium.com/product/WHF-ER11
3,WHF-SL12,Slimline OLED Memory Pedometer,,https://www.arielpremium.com/product/WHF-SL12
3,WHF-TP18,Touch-Thru Phone Activity Pouch,,https://www.arielpremium.com/product/WHF-TP18
3,WHF-WB15,Wristband 3D Bluetooth Pedometer,,https://www.arielpremium.com/product/WHF-WB15
3,WBA-MD10,Marathon Sports Duffel Bag,,https://www.arielpremium.com/product/WBA-MD10
3,WBA-SP15,Neoprene Shoe Pouch,,https://www.arielpremium.com/product/WBA-SP15
3,WHF-EZ16,EZ Fitness Phone Armband,,https://www.arielpremium.com/product/WHF-EZ16
3,WHF-IS12,Info Source Usb Memory Pedometer,,https://www.arielpremium.com/product/WHF-IS12
3,WLT-RR18,Radient Rechargeable Bike Light,,https://www.arielpremium.com/product/WLT-RR18
3,WHF-CC15,Classic Craft Pedometer,,https://www.arielpremium.com/product/WHF-CC15
3,WHF-CD15,Cordless Digital Jump Rope,,https://www.arielpremium.com/product/WHF-CD15
3,WHF-PR11,Calibration Pulse Reader Pedometer,,https://www.arielpremium.com/product/WHF-PR11
3,WLT-BL12,Wrap-It Bicycle Light,,https://www.arielpremium.com/product/WLT-BL12
3,WHF-TN16,Tap 'N Read Waterproof Fitness Tracker and Pedometer Watch,,https://www.arielpremium.com/product/WHF-TN16
3,WHF-FF08,Fitness First Pedometer,,https://www.arielpremium.com/product/WHF-FF08
3,WHF-LS16,Lightning Speed Cable Jump Rope,,https://www.arielpremium.com/product/WHF-LS16
3,WHF-CP13,Compatible Usb 3D Sensor Pedometer,,https://www.arielpremium.com/product/WHF-CP13
3,WHF-LS13,Light N' Sound Pedometer,,https://www.arielpremium.com/product/WHF-LS13
3,WHF-SW15,Show Or Stow 3D Pedometer,,https://www.arielpremium.com/product/WHF-SW15
3,WHF-SS12,Slide Sensor Memory Pedometer,,https://www.arielpremium.com/product/WHF-SS12
3,WCP-PG17,Cycler Phone & Bottle Gripper,,https://www.arielpremium.com/product/WCP-PG17
3,WHF-OM17,Touch-Thru Activity Waist Pack,,https://www.arielpremium.com/product/WHF-OM17
3,WHF-AB15,Armband Phone Holder,,https://www.arielpremium.com/product/WHF-AB15
3,WHF-LR15,Fitness First Stretch Expander-Light Resistance,,https://www.arielpremium.com/product/WHF-LR15
3,WHF-DT01,Designer Top-View Pedometer,,https://www.arielpremium.com/product/WHF-DT01
3,WHF-SM11,Memory Sensor 3D Multifunction Pedometer,,https://www.arielpremium.com/product/WHF-SM11
3,WHF-CV06,Clearview Pedometer,,https://www.arielpremium.com/product/WHF-CV06
3,WHF-WW09,Widescreen Walker Pedometer,,https://www.arielpremium.com/product/WHF-WW09
3,WTV-CC17,Compact Carry Emergency Blanket,,https://www.arielpremium.com/product/WTV-CC17
3,WLT-FL11,Flash & Light Clip,,https://www.arielpremium.com/product/WLT-FL11
3,WTV-MB12,Mini Backpack First Aid Kit,,https://www.arielpremium.com/product/WTV-MB12
3,WLT-TS11,Tri-Safety Light Clip,,https://www.arielpremium.com/product/WLT-TS11
3,WTV-FA11,Pocket First Aid Kit,,https://www.arielpremium.com/product/WTV-FA11
3,WLT-GD17,Glow-in-the-Dark LED Flashlight Keychain,,https://www.arielpremium.com/product/WLT-GD17
3,WLT-GW12,Emergency LED Glow Whistle,,https://www.arielpremium.com/product/WLT-GW12
3,WLT-SA18,Safety Alert Emergency Torch,,https://www.arielpremium.com/product/WLT-SA18
3,WLT-MC17,Magna Clip Personal Safety Light,,https://www.arielpremium.com/product/WLT-MC17
3,WAU-CE13,Crossroad Emergency Road Kit,,https://www.arielpremium.com/product/WAU-CE13
3,WLT-TC15,Top Choice LED Task Light,,https://www.arielpremium.com/product/WLT-TC15
3,WLT-PT11,Primary Touch Reflector Light Key Chain,,https://www.arielpremium.com/product/WLT-PT11
3,WLT-LW15,LED Warning Light,,https://www.arielpremium.com/product/WLT-LW15
3,WHF-FS06,Flashlight & Siren Pedometer,,https://www.arielpremium.com/product/WHF-FS06
3,WLT-OT15,On Target Headlamp,,https://www.arielpremium.com/product/WLT-OT15
3,WAU-RR08,Road Rescue Car Emergency Kit,,https://www.arielpremium.com/product/WAU-RR08
3,WLT-SL08,Clip-on Safety Light,,https://www.arielpremium.com/product/WLT-SL08
3,WHF-BD10,Slide-Right Bandage Dispenser,,https://www.arielpremium.com/product/WHF-BD10
3,WLT-ES16,EZ See Wearable Safety Light,,https://www.arielpremium.com/product/WLT-ES16
3,WLT-ES13,Easy See Headlamp,,https://www.arielpremium.com/product/WLT-ES13
3,WLT-GL17,Guiding Light Lantern & Flashlight,,https://www.arielpremium.com/product/WLT-GL17
3,WLT-CB11,Candle Bright Dual Lantern,,https://www.arielpremium.com/product/WLT-CB11
3,WLT-CB17,Clipper Bright COB Light,,https://www.arielpremium.com/product/WLT-CB17
3,WLT-ML18,Mini Retro Pop Up LED Lantern,,https://www.arielpremium.com/product/WLT-ML18
3,WLT-RL17,Retro Pop Up LED Lantern,,https://www.arielpremium.com/product/WLT-RL17
3,WPC-HQ15,"Huggle Quick-Ship, Small Quantity, Printed in the USA",,https://www.arielpremium.com/product/WPC-HQ15
3,WPC-HV15,Huggle Visor Headwear,,https://www.arielpremium.com/product/WPC-HV15
3,WTV-FW16,Foldable Waterproof Container with Solar Light,,https://www.arielpremium.com/product/WTV-FW16
3,WBA-GS18,Greystone Square Cooler Bag,,https://www.arielpremium.com/product/WBA-GS18
3,WBA-EC18,Equinox Cooler Bag,,https://www.arielpremium.com/product/WBA-EC18
3,WTV-WP17,Waterproof Gadget Pouch,,https://www.arielpremium.com/product/WTV-WP17
3,WLT-PU14,Pop Up LED Lantern,,https://www.arielpremium.com/product/WLT-PU14
3,WBA-PR10,Picnic Recycled PET Cooler Bag,,https://www.arielpremium.com/product/WBA-PR10
3,WBA-JC12,Journey Cooler Backpack,,https://www.arielpremium.com/product/WBA-JC12
3,WBA-VB18,Venture Collapsible Cooler Bag,,https://www.arielpremium.com/product/WBA-VB18
3,WPC-CS15,Glacial Cooling Scarf,,https://www.arielpremium.com/product/WPC-CS15
3,WOR-OH01,Fold N' Go Outdoor Hat,,https://www.arielpremium.com/product/WOR-OH01
3,WBA-CT18,Cool-It Insulated Travel Bag,,https://www.arielpremium.com/product/WBA-CT18
3,WTV-PB12,Rainy Day Poncho Ball,,https://www.arielpremium.com/product/WTV-PB12
3,WTV-FR11,Front Row Easy-Carry Seating Cushion,,https://www.arielpremium.com/product/WTV-FR11
3,WBA-WG18,10 Liter Waterproof Gear Bag,,https://www.arielpremium.com/product/WBA-WG18
3,WPC-GC16,Glacial Cooling Towel,,https://www.arielpremium.com/product/WPC-GC16
3,WOR-WP12,Waterproof Cellphone Storage Case,,https://www.arielpremium.com/product/WOR-WP12
3,WTV-SC18,Sand Caddy Can Holder with Bottle Opener,,https://www.arielpremium.com/product/WTV-SC18
3,WPC-HF15,Huggle Fleece Headware,,https://www.arielpremium.com/product/WPC-HF15
3,DBT-LU18,Light-Up 20 oz Tritan Bottle & Solar Lantern,,https://www.arielpremium.com/product/DBT-LU18
3,WLT-CP15,Clip-It Light,,https://www.arielpremium.com/product/WLT-CP15
3,WBA-TT18,Touch-Thru Waterproof Phone Pouch,,https://www.arielpremium.com/product/WBA-TT18
3,WPC-GV16,Glacial Cooling Visor,,https://www.arielpremium.com/product/WPC-GV16
3,WPC-HG15,"Huggle Large Quantity, Imported",,https://www.arielpremium.com/product/WPC-HG15
3,WOR-SP16,Waterproof Smart Phone Case with 3.5mm Audio Jack,,https://www.arielpremium.com/product/WOR-SP16
3,WBA-WG17,5 Liter Waterproof Gear Bag,,https://www.arielpremium.com/product/WBA-WG17
3,WBA-XR10,XL Insulated Recycled PET Shopping Bag,,https://www.arielpremium.com/product/WBA-XR10
3,WBA-SR09,Snow Roller 6-Pack Cooler Bag,,https://www.arielpremium.com/product/WBA-SR09
3,LMH-FT95,Fire Truck Stress Reliever Memo Holder,,https://www.arielpremium.com/product/LMH-FT95
3,WOF-FF10,Fab Five Multicolor Highlighter,,https://www.arielpremium.com/product/WOF-FF10
3,WOF-BK10,Sticky Book,,https://www.arielpremium.com/product/WOF-BK10
3,WPC-CQ97,Custom Microfiber Lens Cloth with Card Quick Ship,,https://www.arielpremium.com/product/WPC-CQ97
3,LCP-EB01,Earth Stress Reliever Desktop Bin,,https://www.arielpremium.com/product/LCP-EB01
3,WCP-CP11,Flexi Mobile Device & Smart Phone Holder,,https://www.arielpremium.com/product/WCP-CP11
3,LCP-CH27,Chair Cell Phone Holder Stress Reliever,,https://www.arielpremium.com/product/LCP-CH27
3,WPC-LQ97,Custom Microfiber Lens Cloth Quick Ship,,https://www.arielpremium.com/product/WPC-LQ97
3,WOF-RN10,Promo Write Recycled Notebook,,https://www.arielpremium.com/product/WOF-RN10
3,LMH-EM18,Earthball Man Memo Holder Stress Reliever,,https://www.arielpremium.com/product/LMH-EM18
3,WOF-MR10,Magni-Ruler,,https://www.arielpremium.com/product/WOF-MR10
3,WPC-EC12,Eye Glass Care Kit,,https://www.arielpremium.com/product/WPC-EC12
3,WPC-LC97,Custom Microfiber Lens Cloth,,https://www.arielpremium.com/product/WPC-LC97
3,WPC-QC13,Quick Clean Dual Sided Microfiber Cloth,,https://www.arielpremium.com/product/WPC-QC13
3,WOF-OL01,Oval Office Letter Opener,,https://www.arielpremium.com/product/WOF-OL01
3,LMH-BA01,Baseball Memo Holder Stress Reliever,,https://www.arielpremium.com/product/LMH-BA01
3,WCP-CD07,Bristle Buddy Computer Duster,,https://www.arielpremium.com/product/WCP-CD07
3,WOF-DJ12,Recycled Desk Journal,,https://www.arielpremium.com/product/WOF-DJ12
3,LMH-HS09,House Memo Holder Stress Reliever,,https://www.arielpremium.com/product/LMH-HS09
3,WPC-ED12,Premium Microfiber Cleaning Cloth Education,,https://www.arielpremium.com/product/WPC-ED12
3,LCP-SC06,Soccer Stress Reliever Desktop Bin,,https://www.arielpremium.com/product/LCP-SC06
3,WOF-PJ12,Recycled Pocket Journal,,https://www.arielpremium.com/product/WOF-PJ12
3,LCP-BA01,Baseball Stress Reliever Desktop Bin,,https://www.arielpremium.com/product/LCP-BA01
3,WPC-JS12,Jot 'N Shop Memo Board,,https://www.arielpremium.com/product/WPC-JS12
3,LMG-VH07,Valentine Heart Magnet Stress Reliever,,https://www.arielpremium.com/product/LMG-VH07
3,WPC-LK12,Lens Spray Cleaner Pen,,https://www.arielpremium.com/product/WPC-LK12
3,WMG-LB08,Light Bulb Power Clip,,https://www.arielpremium.com/product/WMG-LB08
3,LMH-TL06,Toilet Memo Holder Stress Reliever,,https://www.arielpremium.com/product/LMH-TL06
3,WOF-RW10,Recycle Write Notebook And Pen,,https://www.arielpremium.com/product/WOF-RW10
3,WOF-DT10,Dual Tool Pencil & Crayon Sharpener,,https://www.arielpremium.com/product/WOF-DT10
3,WCP-SB13,Stand-By Phone Accessory,,https://www.arielpremium.com/product/WCP-SB13
3,WOF-MT11,Mini Tri Highlighter,,https://www.arielpremium.com/product/WOF-MT11
3,WPC-CF12,Premium Microfiber Cleaning Cloth - Coffee,,https://www.arielpremium.com/product/WPC-CF12
3,WCP-BL08,Computer Brush Letter Opener,,https://www.arielpremium.com/product/WCP-BL08
3,WOF-DP10,Decision Maker Fun Pen,,https://www.arielpremium.com/product/WOF-DP10
3,WOF-HN11,Hardcover Notebook With Pouch,,https://www.arielpremium.com/product/WOF-HN11
3,WOF-SQ10,Square Deal Sticky Note Wallet,,https://www.arielpremium.com/product/WOF-SQ10
3,WTV-SC12,Mini Backpack First Aid Kit,,https://www.arielpremium.com/product/WTV-SC12
3,LCP-LV06,Loveseat Cell Phone Holder Stress Reliever,,https://www.arielpremium.com/product/LCP-LV06
3,WEE-PC11,Pocket Microfiber Lens Cloth Key Chain,,https://www.arielpremium.com/product/WEE-PC11
3,LMH-HH14,Hard Hat Stress Reliever Memo Holder,,https://www.arielpremium.com/product/LMH-HH14
3,WPC-TP12,Quick Dry Towel & Pouch,,https://www.arielpremium.com/product/WPC-TP12
3,WPC-PM17,Premium Microfiber Cloth,,https://www.arielpremium.com/product/WPC-PM17
3,WPC-CW12,Premium Microfiber Cleaning Cloth Cow,,https://www.arielpremium.com/product/WPC-CW12
3,WOF-LL13,Light-N-Laser Ruler,,https://www.arielpremium.com/product/WOF-LL13
3,WMG-PC01,Power Clip,,https://www.arielpremium.com/product/WMG-PC01
3,LMH-AP03,Apple Memo Holder Stress Reliever,,https://www.arielpremium.com/product/LMH-AP03
3,WOF-MB15,Note-It Memo Book,,https://www.arielpremium.com/product/WOF-MB15
3,WMG-AM11,Apple Power Clip,,https://www.arielpremium.com/product/WMG-AM11
3,LMG-ST06,Star Magnet Stress Reliever,,https://www.arielpremium.com/product/LMG-ST06
3,WOF-NL13,Note-It Light Set,,https://www.arielpremium.com/product/WOF-NL13
3,WMG-HH08,House and Home Power Bag Clip,,https://www.arielpremium.com/product/WMG-HH08
3,WOF-NS11,Hardcover Notebook & Pen Set,,https://www.arielpremium.com/product/WOF-NS11
3,WPC-LS12,Lens Spray Cleaner With Microfiber Cloth,,https://www.arielpremium.com/product/WPC-LS12
3,WOF-MJ12,Recycled Midsize Journal,,https://www.arielpremium.com/product/WOF-MJ12
3,WOF-MJ13,Memo Jotter,,https://www.arielpremium.com/product/WOF-MJ13
3,WMG-SG01,Super Grip Clip,,https://www.arielpremium.com/product/WMG-SG01
3,LMH-SC06,Soccer Stress Reliever Memo Holder,,https://www.arielpremium.com/product/LMH-SC06
3,WMG-TE08,Telephone Power Bag Clip,,https://www.arielpremium.com/product/WMG-TE08
3,WOF-BL10,Bi-Lighter Dual-Ended Highlighter,,https://www.arielpremium.com/product/WOF-BL10
3,WPC-VM17,Value Plus Microfiber Cloth,,https://www.arielpremium.com/product/WPC-VM17
3,WMG-BA12,Baseball Power Clip,,https://www.arielpremium.com/product/WMG-BA12
3,WOF-CP10,Correction Tape Pen,,https://www.arielpremium.com/product/WOF-CP10
3,WOF-RD01,Retractable Duster,,https://www.arielpremium.com/product/WOF-RD01
3,WOF-SF12,Sticky Flag Jotter,,https://www.arielpremium.com/product/WOF-SF12
3,LMH-CR24,Cruise Boat Memo Holder Stress Reliever,,https://www.arielpremium.com/product/LMH-CR24
3,WCA-GF08,Grip & Flip Calculator,,https://www.arielpremium.com/product/WCA-GF08
3,LMH-DS01,Dollar Sign Stress Reliever Memo Holder,,https://www.arielpremium.com/product/LMH-DS01
3,WPC-EX12,Premium Microfiber Cleaning Cloth Exercise,,https://www.arielpremium.com/product/WPC-EX12
3,WOF-TG10,Think Green Recycled Notepad & Pen,,https://www.arielpremium.com/product/WOF-TG10
3,WOF-PH11,"Pen, Pencil & Highlighter Set",,https://www.arielpremium.com/product/WOF-PH11
3,WPC-CC97,Custom Microfiber Lens Cloth with Card,,https://www.arielpremium.com/product/WPC-CC97
3,LMH-CC04,Construction Cone Memo Holder Stress Reliever,,https://www.arielpremium.com/product/LMH-CC04
3,WOF-SJ16,Soft Cover Journal with Elastic Pen Holder,,https://www.arielpremium.com/product/WOF-SJ16
3,WOF-TJ17,Travel Journal with Card Pockets,,https://www.arielpremium.com/product/WOF-TJ17
3,WPC-ML10,Microfiber Lens Cloth Case,,https://www.arielpremium.com/product/WPC-ML10
3,WPC-FD12,Premium Microfiber Cleaning Cloth Food,,https://www.arielpremium.com/product/WPC-FD12
3,WMG-HP06,Heart Power Clip,,https://www.arielpremium.com/product/WMG-HP06
3,WPC-MM12,Mini Microfiber Pouch,,https://www.arielpremium.com/product/WPC-MM12
3,LMH-UM16,Urgent Memo Holder Stress Reliever,,https://www.arielpremium.com/product/LMH-UM16
3,LCP-SP07,Sphere Stress Reliever Desktop Bin,,https://www.arielpremium.com/product/LCP-SP07
3,WOF-FT10,Flag Tag Ruler Case,,https://www.arielpremium.com/product/WOF-FT10
3,WOF-AU11,Add Up Multifunction Ruler,,https://www.arielpremium.com/product/WOF-AU11
3,WOF-ST10,Slice N' Tag Sticky Flags Letter Opener,,https://www.arielpremium.com/product/WOF-ST10
3,WCP-CS10,Clean Sweep Monitor Brush,,https://www.arielpremium.com/product/WCP-CS10
3,WOF-FP18,Forum Journal Notebook,,https://www.arielpremium.com/product/WOF-FP18
3,WMG-SS08,Super Star Power Bag Clip,,https://www.arielpremium.com/product/WMG-SS08
3,WMG-PT10,Pet Paw Power Clip,,https://www.arielpremium.com/product/WMG-PT10
3,LYY-DB95,Dog Ball Stress Reliever Yo-Yo,,https://www.arielpremium.com/product/LYY-DB95
3,LKC-MO98,Motorcycle Stress Reliever Key Chain,,https://www.arielpremium.com/product/LKC-MO98
3,LYY-BA01,Baseball Yo-Yo Stress Reliever,,https://www.arielpremium.com/product/LYY-BA01
3,WOF-PB35,Plastic Piggy Coin Bank,,https://www.arielpremium.com/product/WOF-PB35
3,LKC-JS12,Jersey Stress Reliever Key Chain,,https://www.arielpremium.com/product/LKC-JS12
3,LBL-RK10,High Fly Rocket Orb Bouncer,,https://www.arielpremium.com/product/LBL-RK10
3,LYY-SB03,Stress Ball Yo-Yo Stress Reliever,,https://www.arielpremium.com/product/LYY-SB03
3,WLT-PL11,Pull-Lite LED Key Chain,,https://www.arielpremium.com/product/WLT-PL11
3,LYY-TE07,Tennis Ball Yo-Yo Stress Reliever,,https://www.arielpremium.com/product/LYY-TE07
3,WLT-ST11,Simple Touch LED Key Chain,,https://www.arielpremium.com/product/WLT-ST11
3,LGB-BS12,Bead Squeeze Gel Ball,,https://www.arielpremium.com/product/LGB-BS12
3,WLT-SP15,Solar Powered Light & Whistle Key Chain,,https://www.arielpremium.com/product/WLT-SP15
3,LKC-CA01,Capsule Stress Reliever Key Chain,,https://www.arielpremium.com/product/LKC-CA01
3,WLT-MD08,Mini Dynamo Flashlight Key Chain,,https://www.arielpremium.com/product/WLT-MD08
3,LYY-EB01,Earthball Yo-Yo Stress Reliever,,https://www.arielpremium.com/product/LYY-EB01
3,WLT-SC11,Simple Touch LED Key Chain In Camouflage,,https://www.arielpremium.com/product/WLT-SC11
3,WTT-SF09,Screwdriver Flashlight Key Chain,,https://www.arielpremium.com/product/WTT-SF09
3,LYY-SC06,Soccer Ball Yo-Yo Stress Reliever,,https://www.arielpremium.com/product/LYY-SC06
3,WLT-KB08,LED Keylight Bottle Opener,,https://www.arielpremium.com/product/WLT-KB08
3,LYY-BK02,Basketball Yo-Yo Stress Reliever,,https://www.arielpremium.com/product/LYY-BK02
3,WOF-HH10,Happy Home House Bank,,https://www.arielpremium.com/product/WOF-HH10
3,WLT-AL12,Aluminum LED Opener Key Chain,,https://www.arielpremium.com/product/WLT-AL12
3,WLT-BK17,Brush-Off LED Light with Key Chain,,https://www.arielpremium.com/product/WLT-BK17
3,LYY-GF04,Golf Ball Yo-Yo Stress Reliever,,https://www.arielpremium.com/product/LYY-GF04
3,WOF-CB11,Money Stack Coin Bank,,https://www.arielpremium.com/product/WOF-CB11
3,LYY-VL08,Volleyball Yo-Yo Stress Reliever,,https://www.arielpremium.com/product/LYY-VL08
3,LGB-AB09,Toss N' Splat Amoeba Ball,,https://www.arielpremium.com/product/LGB-AB09
3,LYY-BR05,Brain Yo-Yo Stress Reliever,,https://www.arielpremium.com/product/LYY-BR05
3,WLT-FC13,Flashing Car Key Chain,,https://www.arielpremium.com/product/WLT-FC13
3,WLT-DL15,Dual LED Light Key Chain,,https://www.arielpremium.com/product/WLT-DL15
3,LKC-PH97,Patriotic Valentine Heart Stress Reliever Key Chain,,https://www.arielpremium.com/product/LKC-PH97
3,WOF-PE15,Penguin Coin Bank,,https://www.arielpremium.com/product/WOF-PE15
3,WLT-SS11,Sound N' Sight LED Key Chain,,https://www.arielpremium.com/product/WLT-SS11
3,LBL-CB13,High Fly Crackle Bouncer,,https://www.arielpremium.com/product/LBL-CB13
3,WLT-LT11,Long Press LED Key Chain,,https://www.arielpremium.com/product/WLT-LT11
3,LKC-TR99,Telephone Receiver Stress Reliever Key Chain,,https://www.arielpremium.com/product/LKC-TR99
3,WLT-RS11,Round Simple Touch LED Key Chain,,https://www.arielpremium.com/product/WLT-RS11
3,LBL-SL12,High Fly Hyper Light Bouncer,,https://www.arielpremium.com/product/LBL-SL12
3,WLT-LA15,Soft-Touch LED Light & Alarm Key Chain,,https://www.arielpremium.com/product/WLT-LA15
3,LYY-EY98,Eyeball Stress Reliever Yo-Yo Bungee,,https://www.arielpremium.com/product/LYY-EY98
3,WLT-ML13,Magnetic Light Stick,,https://www.arielpremium.com/product/WLT-ML13
3,WLT-DS16,Dual Shine LED Light Carabiner,,https://www.arielpremium.com/product/WLT-DS16
3,WLT-CC11,Carabiner Clip LED Light,,https://www.arielpremium.com/product/WLT-CC11
3,WLT-BS11,Bright Shine LED Key Chain,,https://www.arielpremium.com/product/WLT-BS11
3,WLT-GG17,Grab & Glow COB Flashlight,,https://www.arielpremium.com/product/WLT-GG17
3,WLT-VC17,Vivid Clip Flashlight with Magnetic Base,,https://www.arielpremium.com/product/WLT-VC17
3,WLT-ST17,Sleep-Tight Night Light,,https://www.arielpremium.com/product/WLT-ST17
3,WLT-DF14,Dual Flashlight,,https://www.arielpremium.com/product/WLT-DF14
3,WLT-LP08,Carabiner Swivel Light & Pen,,https://www.arielpremium.com/product/WLT-LP08
3,WLT-CL13,Clear Twist LED Light,,https://www.arielpremium.com/product/WLT-CL13
3,WLT-CM15,Compact Multi-Function LED Flashlight,,https://www.arielpremium.com/product/WLT-CM15
3,WLT-AL11,Aluminum LED Penlight,,https://www.arielpremium.com/product/WLT-AL11
3,WLT-UB17,Ultra Bright COB & LED Light with Carabiner,,https://www.arielpremium.com/product/WLT-UB17
3,WLT-LL15,Combo LED Light & Lantern,,https://www.arielpremium.com/product/WLT-LL15
3,WLT-PT17,Premium Telescoping LED Work Light,,https://www.arielpremium.com/product/WLT-PT17
3,WLT-EC16,Intelligent Eye Care LED Desk Lamp,,https://www.arielpremium.com/product/WLT-EC16
3,WLT-FH17,Folding Handy Light,,https://www.arielpremium.com/product/WLT-FH17
3,WLT-HT16,Hang Tight LED Ready Light,,https://www.arielpremium.com/product/WLT-HT16
3,WLT-TW17,Two-Way LED Flashlight,,https://www.arielpremium.com/product/WLT-TW17
3,WLT-SL12,LED Scope Lantern Flashlight,,https://www.arielpremium.com/product/WLT-SL12
3,WLT-EG18,Easy-Grip Pocket Torch,,https://www.arielpremium.com/product/WLT-EG18
3,WLT-GB17,Glow Light Bottle Cap with Clip Black,,https://www.arielpremium.com/product/WLT-GB17
3,WLT-AS12,Aluminum Scope LED Flashlight,,https://www.arielpremium.com/product/WLT-AS12
3,WLT-NF12,Aluminum LED Flashlight,,https://www.arielpremium.com/product/WLT-NF12
3,WLT-BU17,Bright Idea Utility Light with Screwdriver Set,,https://www.arielpremium.com/product/WLT-BU17
3,WLT-DD13,Double Duty Work Light,,https://www.arielpremium.com/product/WLT-DD13
3,WLT-OL17,Whisper Sensor Lamp,,https://www.arielpremium.com/product/WLT-OL17
3,WKA-MS12,Multi-Measure Spoon,,https://www.arielpremium.com/product/WKA-MS12
3,WKA-TL17,ThermoLock Mug Drink Topper,,https://www.arielpremium.com/product/WKA-TL17
3,WBA-PB12,Plastic Bag Keeper Tube,,https://www.arielpremium.com/product/WBA-PB12
3,WKA-FC15,Folding Ceramic Pocket Knife,,https://www.arielpremium.com/product/WKA-FC15
3,WPC-DW12,Fido Waste Bag Caddy,,https://www.arielpremium.com/product/WPC-DW12
3,WPC-ED17,Easy Reach Telescoping Speed Duster,,https://www.arielpremium.com/product/WPC-ED17
3,WKA-WB15,H2O Easy Tote Water Bag,,https://www.arielpremium.com/product/WKA-WB15
3,WPC-HH15,Suction Cup Hefty Hanging Hook,,https://www.arielpremium.com/product/WPC-HH15
3,WKA-BO16,Bottle Opener Coaster,,https://www.arielpremium.com/product/WKA-BO16
3,WKA-TC15,Top Choice Ceramic Knife & Peeler Set,,https://www.arielpremium.com/product/WKA-TC15
3,WKA-BD15,Tag-Along Beverage Dispenser,,https://www.arielpremium.com/product/WKA-BD15
3,WKA-FP17,Flex-Pour Silicone Measuring Cup,,https://www.arielpremium.com/product/WKA-FP17
3,WKA-SC11,Splash O' Color Coaster,,https://www.arielpremium.com/product/WKA-SC11
3,WTT-DW17,Duo Easy Window Cleaner,,https://www.arielpremium.com/product/WTT-DW17
3,WTT-TA13,Tag Along Multi-Tool,,https://www.arielpremium.com/product/WTT-TA13
3,WKA-AC13,Arctic Ice Cream Scoop,,https://www.arielpremium.com/product/WKA-AC13
3,WKA-GC09,Cosmic Gel Coaster,,https://www.arielpremium.com/product/WKA-GC09
3,WKA-CB17,Clip It Bottle Opener,,https://www.arielpremium.com/product/WKA-CB17
3,WPT-CP12,Crunch-It Dog Toy,,https://www.arielpremium.com/product/WPT-CP12
3,WKA-OC16,Outdoor Ceramic Cleaver with Protective Sleeve,,https://www.arielpremium.com/product/WKA-OC16
3,WKA-QC15,Quick Cut Ceramic Knife & Peeler Set,,https://www.arielpremium.com/product/WKA-QC15
3,WKA-BR14,Quick Cook Brush,,https://www.arielpremium.com/product/WKA-BR14
3,WKA-ZA16,Zinc Alloy Pizza Cutter,,https://www.arielpremium.com/product/WKA-ZA16
3,WKA-PD17,Portable Drink & Food Clear Caddy,,https://www.arielpremium.com/product/WKA-PD17
3,WPT-TF12,Toss-N-Float Dog Toy,,https://www.arielpremium.com/product/WPT-TF12
3,WKA-EP17,Easy-As-Pie Wheel Cutter,,https://www.arielpremium.com/product/WKA-EP17
3,WPT-FD12,Fetch-It Dog Toy,,https://www.arielpremium.com/product/WPT-FD12
3,WKA-ST16,Sturdy Table Top Dual Knife Sharpener,,https://www.arielpremium.com/product/WKA-ST16
3,WKA-SK15,Quick Cut Ceramic Steak Knife Set,,https://www.arielpremium.com/product/WKA-SK15
3,WKA-TA15,Tag-Along Food Pouch,,https://www.arielpremium.com/product/WKA-TA15
3,WKA-RB17,Roll-Block Wine Stand & Stopper,,https://www.arielpremium.com/product/WKA-RB17
3,WKA-CC15,Compact Ceramic Knife & Peeler Duo,,https://www.arielpremium.com/product/WKA-CC15
3,WKA-WF01,Waiter's Friend Corkscrew,,https://www.arielpremium.com/product/WKA-WF01
3,WKA-TG17,Twin Grip Bottle Opener,,https://www.arielpremium.com/product/WKA-TG17
3,WKA-SG17,4-in-1 Sure-Grip Bottle Opener,,https://www.arielpremium.com/product/WKA-SG17
3,WKA-GN13,Grip-It Neoprene Pot Holder,,https://www.arielpremium.com/product/WKA-GN13
3,WKA-SB01,Stainless Steel Bottle Opener,,https://www.arielpremium.com/product/WKA-SB01
3,WKA-RM17,Recipe-Ready Measuring Cup Set & Strainer,,https://www.arielpremium.com/product/WKA-RM17
3,WKA-RO17,Retro Bottle Opener,,https://www.arielpremium.com/product/WKA-RO17
3,WKA-GF17,SteadyGrip & Flip Silicone Spatula,,https://www.arielpremium.com/product/WKA-GF17
3,WKA-PC16,Premium Ceramic Knife Set,,https://www.arielpremium.com/product/WKA-PC16
3,WKA-MC15,Pop Out Silicone Measuring Cups,,https://www.arielpremium.com/product/WKA-MC15
3,WKA-KT16,Soft-Touch Widescreen Kitchen Timer & Clock,,https://www.arielpremium.com/product/WKA-KT16
3,WKA-SS11,Sip N' Spill Coaster,,https://www.arielpremium.com/product/WKA-SS11
3,WPC-TH12,U Pick Toothpick Holder,,https://www.arielpremium.com/product/WPC-TH12
3,WKA-SS17,Slice-N-Serve Cutter & Server,,https://www.arielpremium.com/product/WKA-SS17
3,WKA-EB17,Econo Coaster & Bottle Opener,,https://www.arielpremium.com/product/WKA-EB17
3,WKA-SP14,Quick Cook Spatula,,https://www.arielpremium.com/product/WKA-SP14
3,WKA-PC13,Portable 4-Piece Cutlery Set,,https://www.arielpremium.com/product/WKA-PC13
3,WKA-SP11,Spill Coasters 6 Pack,,https://www.arielpremium.com/product/WKA-SP11
3,WKA-CS17,Convertible Silicone Bottle Carrier,,https://www.arielpremium.com/product/WKA-CS17
3,WKA-SP17,Store 'N Pour Wine Spout,,https://www.arielpremium.com/product/WKA-SP17
3,WKA-CS16,Combo Salad Picker & Flatware Set,,https://www.arielpremium.com/product/WKA-CS16
3,WKA-CL16,Collapsible Silicone Lunch Box with Fork & Spoon,,https://www.arielpremium.com/product/WKA-CL16
3,EOS-BB15,EOS Lip Balm Combo Gift Pack,,https://www.arielpremium.com/product/EOS-BB15
3,WHF-TP01,Twist A Pill Key Chain,,https://www.arielpremium.com/product/WHF-TP01
3,EOS-BL15,EOS Lip Balm & Hand Lotion Combo Gift Pack,,https://www.arielpremium.com/product/EOS-BL15
3,WTT-BW11,Body Wave Tape Measure,,https://www.arielpremium.com/product/WTT-BW11
3,WPC-TB17,Easy Reach Telescoping Back Scratcher,,https://www.arielpremium.com/product/WPC-TB17
3,WPC-TB13,Telescopic Back Scratcher,,https://www.arielpremium.com/product/WPC-TB13
3,WPC-NF10,Fashion 4 Nail File & Buffer,,https://www.arielpremium.com/product/WPC-NF10
3,WSA-SO15,1oz Squeeze Bottle Sanitizing Lotion,,https://www.arielpremium.com/product/WSA-SO15
3,WSA-AC16,1 oz Aloe Vera Gel with Caddy Strap,,https://www.arielpremium.com/product/WSA-AC16
3,WSA-GG11,Gel Go Hand Sanitizer,,https://www.arielpremium.com/product/WSA-GG11
3,WHF-PC01,Pill Pal with Cutter,,https://www.arielpremium.com/product/WHF-PC01
3,WSA-CH12,Clipper Hand Sanitizer,,https://www.arielpremium.com/product/WSA-CH12
3,WHF-WR12,Well-Rounded Lip Balm,,https://www.arielpremium.com/product/WHF-WR12
3,WHF-CK10,Compact Pillbox Key Chain,,https://www.arielpremium.com/product/WHF-CK10
3,WHF-CK16,Comfort Knee Brace,,https://www.arielpremium.com/product/WHF-CK16
3,WPC-TS17,Easy Reach Telescoping Shoe Horn,,https://www.arielpremium.com/product/WPC-TS17
3,WPC-CM12,Quick Check Comb & Mirror,,https://www.arielpremium.com/product/WPC-CM12
3,WHF-EO16,Easy Open Multi-Purpose Holder,,https://www.arielpremium.com/product/WHF-EO16
3,WSA-SP10,Hand Sanitizer Spray Pen 0.27 oz,,https://www.arielpremium.com/product/WSA-SP10
3,WSA-SK15,Safeguard Sunscreen Stick,,https://www.arielpremium.com/product/WSA-SK15
3,WSA-LC15,Safeguard 1.8oz Sunscreen With Carabiner,,https://www.arielpremium.com/product/WSA-LC15
3,WSA-CP15,Clip-It 1.8oz Moisture Bead Hand Sanitizer,,https://www.arielpremium.com/product/WSA-CP15
3,WPC-FF11,Smooth Moves Foot File,,https://www.arielpremium.com/product/WPC-FF11
3,WSA-CA16,Caddy Strap One Ounce Alcohol Free Hand Sanitizer,,https://www.arielpremium.com/product/WSA-CA16
3,EOS-LP15,EOS Lip Balm,,https://www.arielpremium.com/product/EOS-LP15
3,WHF-SK01,Total Comfort Spa Kit,,https://www.arielpremium.com/product/WHF-SK01
3,WHF-BS13,Lip Balm & Sunscreen Combo,,https://www.arielpremium.com/product/WHF-BS13
3,WSA-HO15,Half Ounce Moisture Bead Hand Sanitizer,,https://www.arielpremium.com/product/WSA-HO15
3,WSA-CS15,Clipper Sunscreen Spray,,https://www.arielpremium.com/product/WSA-CS15
3,WSA-TW11,Travel Well Sanitizer Wipes Key Chain,,https://www.arielpremium.com/product/WSA-TW11
3,WHF-HA29,Hand Shape Massager,,https://www.arielpremium.com/product/WHF-HA29
3,WSA-GS15,Gel Go Sunscreen,,https://www.arielpremium.com/product/WSA-GS15
3,WHF-CB16,Cube-It Lip Balm,,https://www.arielpremium.com/product/WHF-CB16
3,WSA-CR10,Credit Card Hand Sanitizer,,https://www.arielpremium.com/product/WSA-CR10
3,EOS-LB18,EOS Lip Balm Stick,,https://www.arielpremium.com/product/EOS-LB18
3,WSA-TA13,Safeguard SPF 30 Sunscreen Spray 0.34 oz,,https://www.arielpremium.com/product/WSA-TA13
3,WSA-CM15,Cozy Clip 1oz Moisture Bead Hand Sanitizer,,https://www.arielpremium.com/product/WSA-CM15
3,WSA-GM15,2 Oz Gel Moisture Bead Hand Sanitizer,,https://www.arielpremium.com/product/WSA-GM15
3,WHF-CI12,Clip-It Lip Balm Holder,,https://www.arielpremium.com/product/WHF-CI12
3,WSA-ST15,Safeguard SPF 30 Sunscreen 2 oz Bottle,,https://www.arielpremium.com/product/WSA-ST15
3,WSA-NO11,No-Burn Outdoor Kit,,https://www.arielpremium.com/product/WSA-NO11
3,WPC-BS11,Helping Hand Back Scratcher With Shoe Horn,,https://www.arielpremium.com/product/WPC-BS11
3,WHF-CC17,Chap-Cube Vanilla Lip Balm,,https://www.arielpremium.com/product/WHF-CC17
3,WHF-CW16,Comfort Wrist Brace,,https://www.arielpremium.com/product/WHF-CW16
3,EOS-SL18,EOS Swirl Lip Balm,,https://www.arielpremium.com/product/EOS-SL18
3,WSA-FO15,1oz Moisture Bead Hand Sanitizer,,https://www.arielpremium.com/product/WSA-FO15
3,WHF-PB12,Double Slide Pill Box,,https://www.arielpremium.com/product/WHF-PB12
3,WSA-BT15,Safeguard 2oz Squeeze Bottle Sunscreen,,https://www.arielpremium.com/product/WSA-BT15
3,WSA-SS12,Safeguard SPF 30 Sunscreen Spray Pen 0.27 oz,,https://www.arielpremium.com/product/WSA-SS12
3,WHF-CM12,Cranial Massager,,https://www.arielpremium.com/product/WHF-CM12
3,WHF-HC10,Health Case Bandage Holder Pill Box,,https://www.arielpremium.com/product/WHF-HC10
3,WHF-NY11,Naturally You Spa Kit,,https://www.arielpremium.com/product/WHF-NY11
3,WPC-LS10,Look Sharp Personal Manicure Kit,,https://www.arielpremium.com/product/WPC-LS10
3,EOS-LT15,EOS Hand Lotion,,https://www.arielpremium.com/product/EOS-LT15
3,WSA-CO15,Cozy Clip 1oz Sunscreen,,https://www.arielpremium.com/product/WSA-CO15
3,WSA-CO16,Caddy Strap One Ounce Hand Sanitizer,,https://www.arielpremium.com/product/WSA-CO16
3,WHF-FP32,Four-Point Massager,,https://www.arielpremium.com/product/WHF-FP32
3,WHF-UP10,Massage Upad,,https://www.arielpremium.com/product/WHF-UP10
3,WSA-CC10,Cool Clip Hand Sanitizer,,https://www.arielpremium.com/product/WSA-CC10
3,WSA-AV16,One Ounce Aloe Vera Gel,,https://www.arielpremium.com/product/WSA-AV16
3,WSA-HF16,Half Ounce Alcohol Free Hand Sanitizer,,https://www.arielpremium.com/product/WSA-HF16
3,WHF-JL17,Julep Lip Balm,,https://www.arielpremium.com/product/WHF-JL17
3,WHF-SM06,Star Massager,,https://www.arielpremium.com/product/WHF-SM06
3,WSA-OF16,One Ounce Alcohol Free Hand Sanitizer,,https://www.arielpremium.com/product/WSA-OF16
3,WSA-OS15,1oz Spray Hand Sanitizer,,https://www.arielpremium.com/product/WSA-OS15
3,WSA-CL15,Clip-It 1oz Moisture Bead Hand Sanitizer,,https://www.arielpremium.com/product/WSA-CL15
3,WSA-CZ10,Cozy Clip Hand Sanitizer,,https://www.arielpremium.com/product/WSA-CZ10
3,WSA-BO15,Safeguard 1oz Squeeze Bottle Sunscreen,,https://www.arielpremium.com/product/WSA-BO15
3,WHF-LB16,Total Comfort Lip Balm,,https://www.arielpremium.com/product/WHF-LB16
3,WHF-SG11,Sure Grip Massager,,https://www.arielpremium.com/product/WHF-SG11
3,WPC-SF17,Soft Flex Body Scrubber,,https://www.arielpremium.com/product/WPC-SF17
3,WSA-CT16,Caddy Strap Two Ounce Hand Sanitizer,,https://www.arielpremium.com/product/WSA-CT16
3,WSA-SC15,Safeguard 1oz Sunscreen Bottle with Carabiner,,https://www.arielpremium.com/product/WSA-SC15
3,WPC-CW17,Classic Whirl 2-Minute Fidget Spinner,,https://www.arielpremium.com/product/WPC-CW17
3,WPC-WW18,Widget Whirl Spinner,,https://www.arielpremium.com/product/WPC-WW18
3,WOR-SH12,Fun Flinger Shark,,https://www.arielpremium.com/product/WOR-SH12
3,WPC-RW17,Promo Whirl 2-Minute Fidget Spinner,,https://www.arielpremium.com/product/WPC-RW17
3,WPC-PW17,Pro Whirl 4-Minute Fidget Spinner,,https://www.arielpremium.com/product/WPC-PW17
3,WAB-BG18,Baseball Executive Wooden Board Game,,https://www.arielpremium.com/product/WAB-BG18
3,WPZ-PS12,Pyramid Stack Puzzle Set,,https://www.arielpremium.com/product/WPZ-PS12
3,WAB-PS18,Penny Soccer Executive Wooden Board Game,,https://www.arielpremium.com/product/WAB-PS18
3,WAB-PH18,Penny Hockey Executive Wooden Board Game,,https://www.arielpremium.com/product/WAB-PH18
3,WOR-FF01,Flip-Out Flyer Fan,,https://www.arielpremium.com/product/WOR-FF01
3,WAB-HG18,Horseracing Executive Maple Wooden Board Game,,https://www.arielpremium.com/product/WAB-HG18
3,WPC-UW17,Ultra Whirl Metal Fidget Spinner,,https://www.arielpremium.com/product/WPC-UW17
3,WPC-LU17,Light Up Whirl Fidget Spinner,,https://www.arielpremium.com/product/WPC-LU17
3,WPZ-MM11,Mix & Match Puzzle,,https://www.arielpremium.com/product/WPZ-MM11
3,WOR-FB12,Fun Flinger Football,,https://www.arielpremium.com/product/WOR-FB12
3,WOR-FM12,Fun Flinger Military,,https://www.arielpremium.com/product/WOR-FM12
3,WKA-CG15,Comfort Grip Flex Water Bottle,,https://www.arielpremium.com/product/WKA-CG15
3,DWI-SP17,16 oz Spectrum Tumbler,,https://www.arielpremium.com/product/DWI-SP17
3,DBT-TR16,25 oz Trenton Vacuum Insulated Stainless Steel Bottle,,https://www.arielpremium.com/product/DBT-TR16
3,DBT-KE16,17 oz Keep Vacuum Insulated Stainless Steel Bottle,,https://www.arielpremium.com/product/DBT-KE16
3,DWI-PS17,16 oz Palisade Desk Mug,,https://www.arielpremium.com/product/DWI-PS17
3,DTM-BE16,20 oz Belmont Vacuum Insulated Stainless Steel Travel Tumbler,,https://www.arielpremium.com/product/DTM-BE16
3,DTM-OM17,25 oz Omega Double Wall Plastic Tumbler,,https://www.arielpremium.com/product/DTM-OM17
3,DTM-OL17,20 oz Olympus Stainless Steel/Polypropylene Tumbler,,https://www.arielpremium.com/product/DTM-OL17
3,DWI-TP17,12 oz Tropic Acrylic Mug,,https://www.arielpremium.com/product/DWI-TP17
3,DBT-PM17,17 oz Prism Vacuum Insulated Stainless Steel Bottle,,https://www.arielpremium.com/product/DBT-PM17
3,DWI-BD17,16 oz Broadway Tumbler,,https://www.arielpremium.com/product/DWI-BD17
3,DBT-ST17,17 oz Stratford Pop-Top Vacuum Insulated Stainless Steel Bottle,,https://www.arielpremium.com/product/DBT-ST17
3,DBT-BA16,25 oz Bayside Tritan Bottle with Stainless Base and Cap,,https://www.arielpremium.com/product/DBT-BA16
3,DBT-AD18,20 oz All-Day Insulated Bottle with Temp Seal Technology,,https://www.arielpremium.com/product/DBT-AD18
3,DWI-EP17,22 oz Eclipse Mug,,https://www.arielpremium.com/product/DWI-EP17
3,DBT-TB17,32 oz Thirst-Be-Gone Insulated Stainless Steel Bottle,,https://www.arielpremium.com/product/DBT-TB17
3,DTM-CW18,10 oz Cabernet Insulated Stainless Steel Wine Goblet,,https://www.arielpremium.com/product/DTM-CW18
3,DTM-GL16,20 oz Glendale Vacuum Insulated Stainless Steel Tumbler,,https://www.arielpremium.com/product/DTM-GL16
3,DWI-DB17,21 oz Derby Sports Mug,,https://www.arielpremium.com/product/DWI-DB17
3,DBT-PK17,25 oz Peak Vacuum Insulated Stainless Steel Bottle,,https://www.arielpremium.com/product/DBT-PK17
3,WKA-FT15,Flip Top Folding Water Bottle,,https://www.arielpremium.com/product/WKA-FT15
3,DTM-OS18,30 oz Odyssey Stainless Steel/Polypropylene Travel Tumbler,,https://www.arielpremium.com/product/DTM-OS18
3,DTM-CT18,12 oz Carousal Tumbler & Can Holder,,https://www.arielpremium.com/product/DTM-CT18
3,DWI-MT17,16 oz Monterey Two-Tone Tumbler,,https://www.arielpremium.com/product/DWI-MT17
3,DTM-OD18,20 oz Odyssey Stainless Steel/Polypropylene Travel Tumbler,,https://www.arielpremium.com/product/DTM-OD18
3,DTM-PS17,25 oz Pop Stainless Steel Shaker Tumbler,,https://www.arielpremium.com/product/DTM-PS17
3,DWI-SF17,16 oz Seafarer Mug,,https://www.arielpremium.com/product/DWI-SF17
3,WKA-FW15,Flex Water Bottle With Neoprene Insulator,,https://www.arielpremium.com/product/WKA-FW15
3,WKA-FW13,Flex Water Bottle With Carabiner,,https://www.arielpremium.com/product/WKA-FW13
3,DBT-SS18,17 oz Sleek-Sip Vacuum Insulated Stainless Steel Bottle,,https://www.arielpremium.com/product/DBT-SS18
3,DTM-SB18,17 oz Sunburst 2-in-1 Stainless Steel/PP Tumbler,,https://www.arielpremium.com/product/DTM-SB18
3,DBT-SH17,18 oz Splash Insulated Bottle,,https://www.arielpremium.com/product/DBT-SH17
3,DTM-BL17,30 oz Belmont Vacuum Insulated Stainless Steel Travel Tumbler,,https://www.arielpremium.com/product/DTM-BL17
3,DTM-MM18,17 oz Master Insulated Mug with TempSeal Technology,,https://www.arielpremium.com/product/DTM-MM18
3,DTM-CV17,20 oz Convertible Tritan Bottle and Tumbler,,https://www.arielpremium.com/product/DTM-CV17
3,DWI-KS17,16 oz Kingston Tumbler,,https://www.arielpremium.com/product/DWI-KS17
3,DWI-SR17,34 oz Solera Mug,,https://www.arielpremium.com/product/DWI-SR17
3,WBA-GT18,Greystone Tote Bag,,https://www.arielpremium.com/product/WBA-GT18
3,WBA-LB10,Lightning Sack Insulated Lunch Bag,,https://www.arielpremium.com/product/WBA-LB10
3,WBA-WR10,Wave Rider Folding Tote Bag,,https://www.arielpremium.com/product/WBA-WR10
3,WBA-QS10,Quick Sling Budget Backpack,,https://www.arielpremium.com/product/WBA-QS10
3,WBA-PT09,The Peak Pocket Tote Bag,,https://www.arielpremium.com/product/WBA-PT09
3,WBA-BD12,Busy Day Sling Backpack,,https://www.arielpremium.com/product/WBA-BD12
3,WBA-EL11,Echo Large Tote Bag,,https://www.arielpremium.com/product/WBA-EL11
3,WBA-BB10,Sun Shower 4-Bottle Wine Bag,,https://www.arielpremium.com/product/WBA-BB10
3,WBA-XL99,Custom Full Color Microfiber Gadget Bag Xl,,https://www.arielpremium.com/product/WBA-XL99
3,WBA-SQ99,Custom Full Color Microfiber Bag Small Quick Ship,,https://www.arielpremium.com/product/WBA-SQ99
3,WBA-SD12,Safety Drawstring Bag,,https://www.arielpremium.com/product/WBA-SD12
3,WBA-LG99,Custom Full Color Microfiber Gadget Bag Large,,https://www.arielpremium.com/product/WBA-LG99
3,WBA-QL99,Custom Full Color Microfiber Bag Xl Quick Ship,,https://www.arielpremium.com/product/WBA-QL99
3,WBA-MQ99,Custom Full Color Microfiber Bag Medium Quick Ship,,https://www.arielpremium.com/product/WBA-MQ99
3,WBA-AT10,Arctic Thrill 12-Pack Cooler Bag,,https://www.arielpremium.com/product/WBA-AT10
3,WBA-CA12,Catch All Car Caddy,,https://www.arielpremium.com/product/WBA-CA12
3,WBA-MC18,Meridian Convention Tote,,https://www.arielpremium.com/product/WBA-MC18
3,WBA-JG15,Jumbo Globetrotter Drawstring Bag,,https://www.arielpremium.com/product/WBA-JG15
3,WBA-MD99,Custom Full Color Microfiber Gadget Bag Medium,,https://www.arielpremium.com/product/WBA-MD99
3,WBA-PR11,Portrait Recycle Shopping Bag,,https://www.arielpremium.com/product/WBA-PR11
3,WBA-PL12,Polar Lunch Bag,,https://www.arielpremium.com/product/WBA-PL12
3,WBA-PL11,Pack Leader Backpack,,https://www.arielpremium.com/product/WBA-PL11
3,WBA-LR11,Landscape Recycle Shopping Bag,,https://www.arielpremium.com/product/WBA-LR11
3,WBA-CB14,Clear PVC Stadium Drawstring Bag,,https://www.arielpremium.com/product/WBA-CB14
3,WBA-FC13,Frostline Cooler Bag,,https://www.arielpremium.com/product/WBA-FC13
3,WBA-CT12,Shopper's Product Categories,,https://www.arielpremium.com/product/WBA-CT12
3,WBA-CT11,Coastal Toiletry Bag,,https://www.arielpremium.com/product/WBA-CT11
3,WBA-AB17,Alpine Hiking Backpack with Rain Cover,,https://www.arielpremium.com/product/WBA-AB17
3,WBA-AB11,Alfresco Insulated Bag,,https://www.arielpremium.com/product/WBA-AB11
3,WBA-GR09,Glide Right Drawstring Bag,,https://www.arielpremium.com/product/WBA-GR09
3,WBA-TL11,Trail Loop Drawstring Backpack,,https://www.arielpremium.com/product/WBA-TL11
3,WBA-RD09,Raindance Waterproof Coated Tote Bag,,https://www.arielpremium.com/product/WBA-RD09
3,WBA-CM12,Cyclone Mesh Curve Drawstring Backpack,,https://www.arielpremium.com/product/WBA-CM12
3,WBA-BR10,Gulf Breeze Recycled PET Tote Bag,,https://www.arielpremium.com/product/WBA-BR10
3,WBA-GU18,Greystone Utility Pouch 9x7,,https://www.arielpremium.com/product/WBA-GU18
3,WBA-QU99,Custom Full Color Microfiber Bag Large Quick Ship,,https://www.arielpremium.com/product/WBA-QU99
3,WBA-EM13,Excursion Market Tote Bags,,https://www.arielpremium.com/product/WBA-EM13
3,WBA-CR11,Crossroads Backpack,,https://www.arielpremium.com/product/WBA-CR11
3,WBA-SJ09,Sunbeam Jumbo NonWoven Shopping Tote Bag,,https://www.arielpremium.com/product/WBA-SJ09
3,WBA-SW16,Sleek Water Resistant Sports Waist Pack,,https://www.arielpremium.com/product/WBA-SW16
3,WBA-ST09,Sunbeam Tote Shopping Bag,,https://www.arielpremium.com/product/WBA-ST09
3,WBA-RX09,Raindance XL Waterproof Coated Tote Bag,,https://www.arielpremium.com/product/WBA-RX09
3,WBA-SS10,Spring Sling Folding Tote Bag,,https://www.arielpremium.com/product/WBA-SS10
3,WBA-SA10,Santa Ana Insulated Snack Tote,,https://www.arielpremium.com/product/WBA-SA10
3,WBA-TB18,Trailblazer Collapsible Backpack 15x19,,https://www.arielpremium.com/product/WBA-TB18
3,WBA-NC11,Natural Curve Sling Backpack,,https://www.arielpremium.com/product/WBA-NC11
3,WBA-TB12,Calypso Toiletry Bag,,https://www.arielpremium.com/product/WBA-TB12
3,WBA-FM11,Flex Mesh Drawstring Bag,,https://www.arielpremium.com/product/WBA-FM11
3,WBA-ZM09,Zephyr Messenger Bag,,https://www.arielpremium.com/product/WBA-ZM09
3,WBA-EZ10,Orchard Breeze 2-Bottle Wine Bag,,https://www.arielpremium.com/product/WBA-EZ10
3,WBA-ES11,Echo Small Tote Bag,,https://www.arielpremium.com/product/WBA-ES11
3,WBA-BY13,Bayside Insulated Bag,,https://www.arielpremium.com/product/WBA-BY13
3,WBA-CG10,Fun In The Sun Thermal Backpack,,https://www.arielpremium.com/product/WBA-CG10
3,WBA-TB09,Tropic Breeze NonWoven Tote Bag,,https://www.arielpremium.com/product/WBA-TB09
3,WBA-SN11,Sun Net Utility Pouch,,https://www.arielpremium.com/product/WBA-SN11
3,WBA-SM99,Custom Full Color Microfiber Gadget Bag Small,,https://www.arielpremium.com/product/WBA-SM99
3,WBA-CC12,Caldwell Cooler Bag,,https://www.arielpremium.com/product/WBA-CC12
3,WBA-TF09,Thermo Frost Lunch Bag,,https://www.arielpremium.com/product/WBA-TF09
3,WBA-UP10,Sunny Side Utility Pouch Bag,,https://www.arielpremium.com/product/WBA-UP10
3,WBA-BT18,Bellevue Insulated Lunch Tote 7x13,,https://www.arielpremium.com/product/WBA-BT18
3,WBA-FF10,Feather Flight Large Tote Bag,,https://www.arielpremium.com/product/WBA-FF10
3,WBA-CO15,Cargo Organizer With Cooler Bag,,https://www.arielpremium.com/product/WBA-CO15
3,WBA-TT10,Tide Twister Folding Tote Bag,,https://www.arielpremium.com/product/WBA-TT10
3,WBA-CO12,Payload Cargo Organizer,,https://www.arielpremium.com/product/WBA-CO12
3,ECP-TA17,3-Port Smart 4A USB Car Charger,,https://www.arielpremium.com/product/ECP-TA17
3,WTT-WG16,Warm Grip Ice Scraper,,https://www.arielpremium.com/product/WTT-WG16
3,WAU-AF15,Auto Fresh USB Car Charger,,https://www.arielpremium.com/product/WAU-AF15
3,WAU-CC13,Dual-Port Usb Car Charger,,https://www.arielpremium.com/product/WAU-CC13
3,WTV-HA16,Easy Store Earbuds,,https://www.arielpremium.com/product/WTV-HA16
3,ECP-AC17,Dual-Port 3.1A Aluminum USB Car Charger,,https://www.arielpremium.com/product/ECP-AC17
3,WTV-CA10,Car Usb Charger,,https://www.arielpremium.com/product/WTV-CA10
3,WAU-ET13,Vehicle Escape Tool,,https://www.arielpremium.com/product/WAU-ET13
3,ECP-DE17,2-Port Smart 3.1A USB Car Charger with Emergency Safety Hammer,,https://www.arielpremium.com/product/ECP-DE17
3,WTT-QV12,Quick View Tire Gauge,,https://www.arielpremium.com/product/WTT-QV12
3,WAU-CD18,Car Caddy Cup Holder Container,,https://www.arielpremium.com/product/WAU-CD18
3,WAU-TD15,Car Escape Tool With Dynamo Light,,https://www.arielpremium.com/product/WAU-TD15
3,WAU-SM17,Store & Stand Wallet & Magnetic Car Mount,,https://www.arielpremium.com/product/WAU-SM17
3,WAU-VC17,Vehicle Vent Clip Air Freshener,,https://www.arielpremium.com/product/WAU-VC17
3,WTT-RS12,Roadside Multi-Tool,,https://www.arielpremium.com/product/WTT-RS12
3,WAU-RA15,Rapid Response Emergency Tool,,https://www.arielpremium.com/product/WAU-RA15
3,WTT-BT06,Break the Ice' Scraper,,https://www.arielpremium.com/product/WTT-BT06
3,WTV-AF13,Auto Fresh Air Freshener,,https://www.arielpremium.com/product/WTV-AF13
3,WTV-AA15,Dual Auto & AC Adapter,,https://www.arielpremium.com/product/WTV-AA15
3,WTT-TB17,Tri-Blade Windshield Scraper,,https://www.arielpremium.com/product/WTT-TB17
3,WTT-FS12,Full Service Digital Tire Gauge,,https://www.arielpremium.com/product/WTT-FS12
3,ECP-05M5,Mobile Smart 4-1 USB Port Car Charger,,https://www.arielpremium.com/product/ECP-05M5
3,WEE-SG03,Sunglasses Clip,,https://www.arielpremium.com/product/WEE-SG03
3,WAU-MV17,Magna Grip Vent Clip & Phone Stand,,https://www.arielpremium.com/product/WAU-MV17
3,WHF-TU17,Turtle Aqua Pearls Hot/Cold Pack,,https://www.arielpremium.com/product/WHF-TU17
3,WHF-MP16,Plush Mini Hot/Cold Pack,,https://www.arielpremium.com/product/WHF-MP16
3,WHF-LA17,Lemon Art Aqua Pearls Hot/Cold Pack,,https://www.arielpremium.com/product/WHF-LA17
3,WHF-HS12,Head & Sinus Thermal Wrap,,https://www.arielpremium.com/product/WHF-HS12
3,WHF-CL17,Plush Large Rectangle ComfortClay Hot/Cold Pack,,https://www.arielpremium.com/product/WHF-CL17
3,WHF-FF17,Firefighter Aqua Pearls Hot/Cold Pack,,https://www.arielpremium.com/product/WHF-FF17
3,WHF-US14,Ultra Soft Hot Cold Pack,,https://www.arielpremium.com/product/WHF-US14
3,WHF-HS15,House Hot/Cold Pack,,https://www.arielpremium.com/product/WHF-HS15
3,WHF-BK16,Basketball Hot/Cold Pack,,https://www.arielpremium.com/product/WHF-BK16
3,WHF-AA17,Apple Art Aqua Pearls Hot/Cold Pack,,https://www.arielpremium.com/product/WHF-AA17
3,WHF-PG15,Pig Hot/Cold Pack,,https://www.arielpremium.com/product/WHF-PG15
3,WHF-PG14,Penguin Gel Hot Cold Pack,,https://www.arielpremium.com/product/WHF-PG14
3,WHF-PE15,Plush Hot/Cold Eye Mask,,https://www.arielpremium.com/product/WHF-PE15
3,WHF-TP13,Tooth Gel Hot Cold Pack,,https://www.arielpremium.com/product/WHF-TP13
3,WHF-LN16,Lemon Hot/Cold Pack,,https://www.arielpremium.com/product/WHF-LN16
3,WHF-TO17,Tomato Art Aqua Pearls Hot/Cold Pack,,https://www.arielpremium.com/product/WHF-TO17
3,WHF-WR16,Rectangle Natural Scented Wonder Beads,,https://www.arielpremium.com/product/WHF-WR16
3,WHF-WR14,Hot Cold Wrist Rest,,https://www.arielpremium.com/product/WHF-WR14
3,WHF-SC16,Soccer Ball Hot/Cold Pack,,https://www.arielpremium.com/product/WHF-SC16
3,WTV-MR16,Round Hand Warmer,,https://www.arielpremium.com/product/WTV-MR16
3,WHF-SR17,Super Heroine Aqua Pearls Hot/Cold Pack,,https://www.arielpremium.com/product/WHF-SR17
3,WHF-SD17,Soldier Aqua Pearls Hot/Cold Pack,,https://www.arielpremium.com/product/WHF-SD17
3,WHF-FB15,Football Hot/Cold Pack,,https://www.arielpremium.com/product/WHF-FB15
3,WHF-CP17,Capsule Aqua Pearls Hot/Cold Pack,,https://www.arielpremium.com/product/WHF-CP17
3,WHF-OR15,Orange Hot/Cold Pack,,https://www.arielpremium.com/product/WHF-OR15
3,WHF-WN16,Neck & Shoulder Natural Scented Wonder Beads,,https://www.arielpremium.com/product/WHF-WN16
3,WHF-TF17,Tropical Fish Aqua Pearls Hot/Cold Pack,,https://www.arielpremium.com/product/WHF-TF17
3,WHF-FT17,Fire Truck Aqua Pearls Hot/Cold Pack,,https://www.arielpremium.com/product/WHF-FT17
3,WHF-SQ15,Square Aqua Pearls Hot/Cold Pack,,https://www.arielpremium.com/product/WHF-SQ15
3,WHF-MA15,Mini Aqua Pearls Hot/Cold Pack,,https://www.arielpremium.com/product/WHF-MA15
3,WHF-TB17,Teddy Bear Aqua Pearls Hot/Cold Pack,,https://www.arielpremium.com/product/WHF-TB17
3,WHF-AP17,Airplane Aqua Pearls Hot/Cold Pack,,https://www.arielpremium.com/product/WHF-AP17
3,WHF-WE16,Eye Mask Natural Scented Wonder Beads,,https://www.arielpremium.com/product/WHF-WE16
3,WHF-AP14,All Purpose Hot Cold Wrap,,https://www.arielpremium.com/product/WHF-AP14
3,WHF-AP13,Aqua Pearls Wrap,,https://www.arielpremium.com/product/WHF-AP13
3,WHF-SH17,Sheep Aqua Pearls Hot/Cold Pack,,https://www.arielpremium.com/product/WHF-SH17
3,WHF-PP15,Plush Hot/Cold Pack,,https://www.arielpremium.com/product/WHF-PP15
3,WHF-CR17,Plush Round ComfortClay Hot/Cold Pack,,https://www.arielpremium.com/product/WHF-CR17
3,WHF-MO17,Monster Aqua Pearls Hot/Cold Pack,,https://www.arielpremium.com/product/WHF-MO17
3,WHF-HG16,Large Heart Gel Hot/Cold Pack,,https://www.arielpremium.com/product/WHF-HG16
3,WHF-HG13,Heart Gel Hot Cold Pack,,https://www.arielpremium.com/product/WHF-HG13
3,WHF-DG13,Duck Gel Hot Cold Pack,,https://www.arielpremium.com/product/WHF-DG13
3,WHF-CA15,Car Hot/Cold Pack,,https://www.arielpremium.com/product/WHF-CA15
3,WHF-PA15,Plush All Purpose Hot/Cold Wrap,,https://www.arielpremium.com/product/WHF-PA15
3,WHF-PA17,Potato Art Aqua Pearls Hot/Cold Pack,,https://www.arielpremium.com/product/WHF-PA17
3,WHF-CE17,Plush Eye Mask ComfortClay Hot/Cold Pack,,https://www.arielpremium.com/product/WHF-CE17
3,WHF-BA17,Banana Art Aqua Pearls Hot/Cold Pack,,https://www.arielpremium.com/product/WHF-BA17
3,WHF-BA15,Baseball Hot/Cold Pack,,https://www.arielpremium.com/product/WHF-BA15
3,WHF-CW18,Comfort Clay ComfortClay Hot/Cold Pack Wrap,,https://www.arielpremium.com/product/WHF-CW18
3,WHF-PB16,Polar Bear Hot/Cold Pack,,https://www.arielpremium.com/product/WHF-PB16
3,WHF-FG12,Fish Gel Pack,,https://www.arielpremium.com/product/WHF-FG12
3,WHF-PO17,Police Officer Aqua Pearls Hot/Cold Pack,,https://www.arielpremium.com/product/WHF-PO17
3,WHF-HC11,Aqua Pearls Hot Cold Pack,,https://www.arielpremium.com/product/WHF-HC11
3,WHF-AG14,Apple Gel Hot Cold Pack,,https://www.arielpremium.com/product/WHF-AG14
3,WHF-PF15,Plush Gift Set Aqua Pearls Hot/Cold Pack,,https://www.arielpremium.com/product/WHF-PF15
3,WHF-WP16,Multi-Purpose Natural Scented Wonder Beads,,https://www.arielpremium.com/product/WHF-WP16
3,WHF-BF17,Buffalo Aqua Pearls Hot/Cold Pack,,https://www.arielpremium.com/product/WHF-BF17
3,WHF-TH17,Thumbs Up Aqua Pearls Hot/Cold Pack,,https://www.arielpremium.com/product/WHF-TH17
3,WHF-EB17,Eyeball Aqua Pearls Hot/Cold Pack,,https://www.arielpremium.com/product/WHF-EB17
3,WHF-WO16,Round Natural Scented Wonder Beads,,https://www.arielpremium.com/product/WHF-WO16
3,WHF-PH15,Plush Heart Hot/Cold Pack,,https://www.arielpremium.com/product/WHF-PH15
3,WHF-CN17,Corn Art Aqua Pearls Hot/Cold Pack,,https://www.arielpremium.com/product/WHF-CN17
3,WHF-WH16,Heart Natural Scented Wonder Beads,,https://www.arielpremium.com/product/WHF-WH16
3,WHF-BN16,Brain Aqua Pearls Hot/Cold Pack,,https://www.arielpremium.com/product/WHF-BN16
3,WHF-ST15,Star Hot/Cold Pack,,https://www.arielpremium.com/product/WHF-ST15
3,WTV-MH16,Heart Hand Warmer,,https://www.arielpremium.com/product/WTV-MH16
3,WHF-UK15,Ultra Soft Knee Hot/Cold Pack,,https://www.arielpremium.com/product/WHF-UK15
3,WHF-EF17,Elephant Aqua Pearls Hot/Cold Pack,,https://www.arielpremium.com/product/WHF-EF17
3,WHF-SA17,Strawberry Art Aqua Pearls Hot/Cold Pack,,https://www.arielpremium.com/product/WHF-SA17
3,WHF-MC15,Milk Cow Hot/Cold Pack,,https://www.arielpremium.com/product/WHF-MC15
3,WHF-EA17,Earth Aqua Pearls Hot/Cold Pack,,https://www.arielpremium.com/product/WHF-EA17
3,WHF-OA17,Orange Art Aqua Pearls Hot/Cold Pack,,https://www.arielpremium.com/product/WHF-OA17
3,WHF-SB17,School Bus Aqua Pearls Hot/Cold Pack,,https://www.arielpremium.com/product/WHF-SB17
3,WHF-SP17,Super Hero Aqua Pearls Hot/Cold Pack,,https://www.arielpremium.com/product/WHF-SP17
3,WHF-SF12,Starfish Hot Cold Gel Pack,,https://www.arielpremium.com/product/WHF-SF12
3,WHF-CS15,Cool Sun Hot/Cold Pack,,https://www.arielpremium.com/product/WHF-CS15
3,WHF-RP17,Round Penguin Aqua Pearls Hot/Cold Pack,,https://www.arielpremium.com/product/WHF-RP17
3,WHF-RB16,Ribbon Aqua Pearls Hot/Cold Pack,,https://www.arielpremium.com/product/WHF-RB16
3,WHF-HH17,Hard Hat Aqua Pearls Hot/Cold Pack,,https://www.arielpremium.com/product/WHF-HH17
3,WHF-EM13,Eye Mask Hot Cold Pack,,https://www.arielpremium.com/product/WHF-EM13
3,WHF-CD17,Cloud Hot/Cold Pack,,https://www.arielpremium.com/product/WHF-CD17
3,WHF-RA14,Round Aqua Pearls Hot Cold Pack,,https://www.arielpremium.com/product/WHF-RA14
3,WHF-PR15,Plush Round Hot/Cold Pack,,https://www.arielpremium.com/product/WHF-PR15
3,WHF-CH16,Chicken Hot/Cold Pack,,https://www.arielpremium.com/product/WHF-CH16
3,WHF-AM18,Sleep Mask Aqua Pearls Hot/Cold Pack,,https://www.arielpremium.com/product/WHF-AM18
3,WHF-HA15,Happy Hot/Cold Pack,,https://www.arielpremium.com/product/WHF-HA15
3,WTV-BF18,Barrel Fleece Blanket,,https://www.arielpremium.com/product/WTV-BF18
3,WTV-RF18,Rendezvous Foldable Picnic Blanket,,https://www.arielpremium.com/product/WTV-RF18
3,DWI-RS18,12 oz Riverside Tritan Tumbler with Translucent Lid,,https://www.arielpremium.com/product/DWI-RS18
3,DWI-LS18,12 oz Lakeshore Tritan Mug with Translucent Handle and Lid,,https://www.arielpremium.com/product/DWI-LS18
3,DWI-RF18,16 oz Reef Tritan Tumbler with Translucent Lid,,https://www.arielpremium.com/product/DWI-RF18
3,DWI-SB18,22 oz Seabreeze Tritan Tumbler with Translucent Lid,,https://www.arielpremium.com/product/DWI-SB18
3,LGS-CS18,Rounded Cube Slo-Release Serenity Squishy,,https://www.arielpremium.com/product/LGS-CS18
3,LAF-MS18,Milk Cow Slo-Release Serenity Squishy,,https://www.arielpremium.com/product/LAF-MS18
3,LGS-SS18,Star Slo-Release Serenity Squishy,,https://www.arielpremium.com/product/LGS-SS18
3,LGS-HS18,Heart Slo-Release Serenity Squishy,,https://www.arielpremium.com/product/LGS-HS18
3,LFN-PS18,Piggy Bank Slo-Release Serenity Squishy,,https://www.arielpremium.com/product/LFN-PS18
3,LSB-RS18,Round Slo-Release Serenity Squishy,,https://www.arielpremium.com/product/LSB-RS18
3,LGS-ES18,Emoji Slo-Release Serenity Squishy,,https://www.arielpremium.com/product/LGS-ES18
3,LAA-GS18,Penguin Slo-Release Serenity Squishy,,https://www.arielpremium.com/product/LAA-GS18
3,LAN-BS18,Brain Slo-Release Serenity Squishy,,https://www.arielpremium.com/product/LAN-BS18
3,WOF-EL18,Easy Flow Gel Pen Product Categories,,https://www.arielpremium.com/product/WOF-EL18
3,WOF-EK18,Easy Flow Gel Pen,,https://www.arielpremium.com/product/WOF-EK18
3,WOF-HL10,Heart Letter Opener,,https://www.arielpremium.com/product/WOF-HL10
3,LMH-SP14,Sitting Penguin Memo Holder Stress Reliever,,https://www.arielpremium.com/product/LMH-SP14
3,WCL-TC01,Tower Time & Temp Clock,,https://www.arielpremium.com/product/WCL-TC01
3,WHF-BF01,Body Fat & BMI Measurement Pedometer,,https://www.arielpremium.com/product/WHF-BF01
3,WHF-WR01,Walk N' Roll Radio Pedometer,,https://www.arielpremium.com/product/WHF-WR01
3,LGG-BA01,Gel-ee Gripper Baseball Stress Reliever,,https://www.arielpremium.com/product/LGG-BA01
3,LGG-BK02,Gel-ee Gripper Basketball Stress Reliever,,https://www.arielpremium.com/product/LGG-BK02
3,LGG-GB11,Gel-ee Gripper Ball Stress Reliever,,https://www.arielpremium.com/product/LGG-GB11
3,LGG-SC06,Gel-ee Gripper Soccer Ball Stress Reliever,,https://www.arielpremium.com/product/LGG-SC06
3,LVB-GR20,Vibrating Grenade Stress Reliever,,https://www.arielpremium.com/product/LVB-GR20
3,LCP-VH07,Phone Holder Stress Reliever,,https://www.arielpremium.com/product/LCP-VH07
3,WHF-GB08,Gemstone BMI Body Fat Pedometer,,https://www.arielpremium.com/product/WHF-GB08
3,WOF-PS08,The Wheel Pencil Sharpener & Eraser,,https://www.arielpremium.com/product/WOF-PS08
3,WBA-ST12,Sandalwood Tote Bag,,https://www.arielpremium.com/product/WBA-ST12
3,WBA-SZ11,Shop N' Zip Foldable Tote Bag,,https://www.arielpremium.com/product/WBA-SZ11
3,WBA-TS12,Tablet Sleeve Case,,https://www.arielpremium.com/product/WBA-TS12
3,WBA-EB13,Eastlake Backpack,,https://www.arielpremium.com/product/WBA-EB13
3,WHF-MP12,Multifunction Shoe Pedometer,,https://www.arielpremium.com/product/WHF-MP12
3,WBA-WP12,Waist Pack,,https://www.arielpremium.com/product/WBA-WP12
3,WBA-WW10,Wind Walker Rope Cord Bag,,https://www.arielpremium.com/product/WBA-WW10
3,WBA-CV13,Caravan Duffel Bag,,https://www.arielpremium.com/product/WBA-CV13
3,WBA-DA13,Day Trek Backpack,,https://www.arielpremium.com/product/WBA-DA13
3,WBA-DS11,Daisy Foldable Tote Bag,,https://www.arielpremium.com/product/WBA-DS11
3,WBA-DT13,Day Traveler Backpack,,https://www.arielpremium.com/product/WBA-DT13
3,WBA-DW12,Dog Waste Pouch,,https://www.arielpremium.com/product/WBA-DW12
3,WCP-DC13,Mobile Phone Desk Caddy,,https://www.arielpremium.com/product/WCP-DC13
3,WCP-PD10,Power Pod Mini Device Charger,,https://www.arielpremium.com/product/WCP-PD10
3,WBA-GD13,Gateway Duffel Bag,,https://www.arielpremium.com/product/WBA-GD13
3,WBA-GL11,Glossy Light Shopping Bag,,https://www.arielpremium.com/product/WBA-GL11
3,LTK-CS10,Talking Smile Guy Stress Reliever,,https://www.arielpremium.com/product/LTK-CS10
3,WHF-CG14,Cloud Gel Hot Cold Pack,,https://www.arielpremium.com/product/WHF-CG14
3,LTK-TS20,Talking Stress Dude,,https://www.arielpremium.com/product/LTK-TS20
3,WBA-PB13,Portside Backpack,,https://www.arielpremium.com/product/WBA-PB13
3,WLT-AG11,Aluminum Gizmo LED Light,,https://www.arielpremium.com/product/WLT-AG11
3,WPC-MO12,Product WPC-MO12,,https://www.arielpremium.com/product/WPC-MO12
3,WOF-LR10,Letter Opener Mini Ruler,,https://www.arielpremium.com/product/WOF-LR10
3,WPC-ST10,Product WPC-ST10,,https://www.arielpremium.com/product/WPC-ST10
3,WLT-FB11,Freestyle Book Light,,https://www.arielpremium.com/product/WLT-FB11
3,WTV-RF11,Right Fit Support Pillow,,https://www.arielpremium.com/product/WTV-RF11
3,WLT-LC13,LED Conic Light Bottle Opener,,https://www.arielpremium.com/product/WLT-LC13
3,WTV-TC10,Right Fit Support Pillow,,https://www.arielpremium.com/product/WTV-TC10
3,WOF-PL10,Press Your Luck Pen,,https://www.arielpremium.com/product/WOF-PL10
3,WTV-US14,Travel Cube Power Adapter With USB Charge,,https://www.arielpremium.com/product/WTV-US14
3,WLT-SD13,Slim Dual LED Flashlight,,https://www.arielpremium.com/product/WLT-SD13
3,WLT-TL12,Hanging Emergency Light,,https://www.arielpremium.com/product/WLT-TL12
3,WLT-TW12,Twist Light LED Key Chain,,https://www.arielpremium.com/product/WLT-TW12
3,WMG-NT11,Note Tote Power Clip,,https://www.arielpremium.com/product/WMG-NT11
3,WPC-FL12,Product WPC-FL12,,https://www.arielpremium.com/product/WPC-FL12
3,WPC-GF12,Product WPC-GF12,,https://www.arielpremium.com/product/WPC-GF12
3,WOF-DT13,Duo-Tone Writing Pad,,https://www.arielpremium.com/product/WOF-DT13
3,WCL-OT13,On Time Water Clock,,https://www.arielpremium.com/product/WCL-OT13
3,WHF-CC12,Fresh Mouth Card Mint Dispenser,,https://www.arielpremium.com/product/WHF-CC12
3,WHF-FM12,Fresh Mouth Floss & Mints,,https://www.arielpremium.com/product/WHF-FM12
3,WHF-MJ12,Fresh Mouth Mint Jar,,https://www.arielpremium.com/product/WHF-MJ12
3,WHF-MT12,Fresh Mouth Mint Tin,,https://www.arielpremium.com/product/WHF-MT12
3,WBA-SB16,Sleek Water Resistant Sports Waist Pack w/ Dual B,,https://www.arielpremium.com/product/WBA-SB16
3,WHF-UA15,Ultra Soft Ankle Hot/Cold Pack,,https://www.arielpremium.com/product/WHF-UA15
3,WHF-UE15,Ultra Soft Hot/Cold Eye Mask,,https://www.arielpremium.com/product/WHF-UE15
3,ETC-10S5,"TEC 10 Tablet Sleeve""",,https://www.arielpremium.com/product/ETC-10S5
3,WLT-RE15,Rocking Egg LED Light,,https://www.arielpremium.com/product/WLT-RE15
3,WLT-QH15,Quick-Hang LED Light,,https://www.arielpremium.com/product/WLT-QH15
3,WCP-CP15,Compact 4000mAh Power Bank,,https://www.arielpremium.com/product/WCP-CP15
3,WSA-SL15,No-Burn Outdoor Kit,,https://www.arielpremium.com/product/WSA-SL15
3,EPB-13Q5,Quick and Powerful - 13000mAh Power Bank,,https://www.arielpremium.com/product/EPB-13Q5
3,WSA-TB15,Take-Along Sunscreen Spray,,https://www.arielpremium.com/product/WSA-TB15
3,EPB-22G5,Glowing 2200mAh Power Bank with Phone Holder,,https://www.arielpremium.com/product/EPB-22G5
3,EPB-22L5,Illuminating 2200mAh Power Bank w/ Selfie Control,,https://www.arielpremium.com/product/EPB-22L5
3,ETA-12Q5,Quick Traveler - 2 USB Port Universal Travel Adapt,,https://www.arielpremium.com/product/ETA-12Q5
3,WHF-SL15,Safeguard Sunscreen & Lip Balm,,https://www.arielpremium.com/product/WHF-SL15
3,WKA-OM15,Grip-It Neoprene Oven Mitt,,https://www.arielpremium.com/product/WKA-OM15
3,WKA-AK16,Apple Shaped Kitchen Brush,,https://www.arielpremium.com/product/WKA-AK16
3,,Easy Flow Gel Pen,,https://www.arielpremium.com/product/EASYFLOW
3,WHF-CA20,None,,https://www.arielpremium.com/product/WHF-CA20
3,ALK-BL20,AeroLOFT Business First Travel Blanket with Sleep Mask,,https://www.arielpremium.com/product/ALK-BL20
3,ALB-BD20,AeroLOFT Business First Weekender Duffel,,https://www.arielpremium.com/product/ALB-BD20
3,WTV-SN21,Snuggle Memory Foam Neck Pillow,,https://www.arielpremium.com/product/WTV-SN21
3,WHO-EW20,Eco Wheat Straw Kit with Cleaning Brush,,https://www.arielpremium.com/product/WHO-EW20
3,WHF-CD20,Chaperon Adjustable 4-Ply Cotton Face Mask for Children,,https://www.arielpremium.com/product/WHF-CD20
3,WBT-RU19,Republic Urban Backpack by Taroko,,https://www.arielpremium.com/product/WBT-RU19
3,WBA-BB19,Brio Urban Backpack,,https://www.arielpremium.com/product/WBA-BB19
3,EAC-TP20,Triplex 3-in-1 Light-Up Charging Cable,,https://www.arielpremium.com/product/EAC-TP20
3,WPC-SA19,Stain-Away Travel Pen,,https://www.arielpremium.com/product/WPC-SA19
3,WBT-DT18,Dynasty Travel Duffel by Taroko,,https://www.arielpremium.com/product/WBT-DT18
3,WTV-AP19,Air Pump Inflatable Neck Pillow,,https://www.arielpremium.com/product/WTV-AP19
3,WTV-OA20,Orchard Air Freshener,,https://www.arielpremium.com/product/WTV-OA20
3,DWA-JR20,Tijuana Jr. 20 oz Vacuum Insulated Stainless Steel Bottle,,https://www.arielpremium.com/product/DWA-JR20
3,ALP-BP20,AeroLOFT Business First Travel Pillow with Sleep Mask,,https://www.arielpremium.com/product/ALP-BP20
3,ALB-PZ20,AeroLOFT 4-Pocket Zip Organizer,,https://www.arielpremium.com/product/ALB-PZ20
3,ALB-BT20,AeroLOFT Business First Toiletry Bag,,https://www.arielpremium.com/product/ALB-BT20
3,WBT-UB18,Tun Urban Backpack by Taroko,,https://www.arielpremium.com/product/WBT-UB18
3,WTV-ST19,"Skyline Two-Tone Inversion 47 Arc Umbrella""",,https://www.arielpremium.com/product/WTV-ST19
3,WTV-ET20,Escort TSA-Approved Luggage Lock,,https://www.arielpremium.com/product/WTV-ET20
3,WBT-CF18,Chrome Fleece String Backpack by Taroko,,https://www.arielpremium.com/product/WBT-CF18
3,DMU-SP21,Sip 'N Stir 12 oz Bamboo/PolyPro Mug with Spoon,,https://www.arielpremium.com/product/DMU-SP21
3,WBT-BD18,Bordeaux Urban Duffel by Taroko,,https://www.arielpremium.com/product/WBT-BD18
3,WHF-WS18,Whiff Scented Ball Fresh Linen,,https://www.arielpremium.com/product/WHF-WS18
3,WBT-EN19,Elan Day Bag by Taroko,,https://www.arielpremium.com/product/WBT-EN19
3,ALB-BB20,AeroLOFT Business First Backpack,,https://www.arielpremium.com/product/ALB-BB20
3,EAC-TY20,Trey 3-in-1 Light-Up Charging Cable with Keychain,,https://www.arielpremium.com/product/EAC-TY20
3,WBT-SB18,Bordeaux String Backpack by Taroko,,https://www.arielpremium.com/product/WBT-SB18
3,WBA-JT20,Jubilee Travel Tote Bag,,https://www.arielpremium.com/product/WBA-JT20
3,WBA-PS19,Pike Shoe Bag,,https://www.arielpremium.com/product/WBA-PS19
3,WTV-RU19,None,,https://www.arielpremium.com/product/WTV-RU19
3,WHF-PF20,Premium Fashion Mask with Filter Pocket,,https://www.arielpremium.com/product/WHF-PF20
3,WHA-TC18,Tranquility Apple Scented Candle,,https://www.arielpremium.com/product/WHA-TC18
3,WTT-QR21,Quick-Reach 4-Bit Screwdriver Set with Light,,https://www.arielpremium.com/product/WTT-QR21
3,WTT-NT20,No-Touch Protection Tool with Stylus,,https://www.arielpremium.com/product/WTT-NT20
3,WTT-AS19,Artisan Screwdriver Set,,https://www.arielpremium.com/product/WTT-AS19
3,WEE-SL18,Scout Light-Up Magnifier,,https://www.arielpremium.com/product/WEE-SL18
3,WTT-BT20,Brass No-Touch Protection Tool,,https://www.arielpremium.com/product/WTT-BT20
3,WLT-PS21,Pulsar Ultralight COB Worklight and LED Flashlight,,https://www.arielpremium.com/product/WLT-PS21
3,WTT-HM19,Handyman Multi-Function Tool,,https://www.arielpremium.com/product/WTT-HM19
3,SWI-GJ20,Good Job Grey Smiley Face Stress Buster,,https://www.arielpremium.com/product/SWI-GJ20
3,SAN-BR20,Brain Stress Buster,,https://www.arielpremium.com/product/SAN-BR20
3,SSP-BK20,Basketball Stress Buster,,https://www.arielpremium.com/product/SSP-BK20
3,SAF-CW20,Cow Stress Buster,,https://www.arielpremium.com/product/SAF-CW20
3,SFR-PA20,Pineapple Stress Buster,,https://www.arielpremium.com/product/SFR-PA20
3,LSP-SS19,Soccer Ball Slo-Release Serenity Squishy,,https://www.arielpremium.com/product/LSP-SS19
3,SAA-SK20,Shark Stress Buster,,https://www.arielpremium.com/product/SAA-SK20
3,LFV-SQ20,Squash Stress Reliever,,https://www.arielpremium.com/product/LFV-SQ20
3,LSP-KB19,Kettlebell Stress Reliever,,https://www.arielpremium.com/product/LSP-KB19
3,LTR-SV20,Crossover SUV Stress Reliever,,https://www.arielpremium.com/product/LTR-SV20
3,SWI-SQ20,Squeeze The Day Yellow Lemon Winking Stress Buster,,https://www.arielpremium.com/product/SWI-SQ20
3,LSP-FS19,Football Slo-Release Serenity Squishy,,https://www.arielpremium.com/product/LSP-FS19
3,SGS-ES20,Emoji Sunglasses Stress Buster,,https://www.arielpremium.com/product/SGS-ES20
3,SWI-GT20,Go Team Red Smiley Face Stress Buster,,https://www.arielpremium.com/product/SWI-GT20
3,SFR-AP20,Apple Stress Buster,,https://www.arielpremium.com/product/SFR-AP20
3,LNA-HH19,Hedgehog Stress Reliever,,https://www.arielpremium.com/product/LNA-HH19
3,SWI-WH20,Woo Hoo Blue Smiley Face Stress Buster,,https://www.arielpremium.com/product/SWI-WH20
3,SFF-SP20,Superhero Stress Buster,,https://www.arielpremium.com/product/SFF-SP20
3,SPE-PG20,Pug Dog Stress Buster,,https://www.arielpremium.com/product/SPE-PG20
3,LAN-NT09,Intestines Stress Reliever,,https://www.arielpremium.com/product/LAN-NT09
3,LGS-FM20,Emoji Face Mask Stress Reliever,,https://www.arielpremium.com/product/LGS-FM20
3,LAN-BC20,Blue Crab Stress Reliever,,https://www.arielpremium.com/product/LAN-BC20
3,LPE-LB19,Blonde Labrador Dog Stress Reliever,,https://www.arielpremium.com/product/LPE-LB19
3,LAN-GK20,Gecko Stress Reliever,,https://www.arielpremium.com/product/LAN-GK20
3,LGS-SE19,Smiley Emoji Stress Reliever,,https://www.arielpremium.com/product/LGS-SE19
3,LTP-FT20,Food Truck Stress Reliever,,https://www.arielpremium.com/product/LTP-FT20
3,SSP-BS20,Baseball Stress Buster,,https://www.arielpremium.com/product/SSP-BS20
3,SAA-FG20,Frog Stress Buster,,https://www.arielpremium.com/product/SAA-FG20
3,LAN-CD20,Cute Dinosaur Triceratops Stress Reliever,,https://www.arielpremium.com/product/LAN-CD20
3,SGS-EK20,Emoji Kiss Stress Buster,,https://www.arielpremium.com/product/SGS-EK20
3,LMD-KN20,Knee Stress Reliever,,https://www.arielpremium.com/product/LMD-KN20
3,LNA-FX19,Fox Stress Reliever,,https://www.arielpremium.com/product/LNA-FX19
3,SSP-FB20,Football Stress Buster,,https://www.arielpremium.com/product/SSP-FB20
3,SAA-FS20,Fish Stress Buster,,https://www.arielpremium.com/product/SAA-FS20
3,SFR-AV20,Avocado Stress Buster,,https://www.arielpremium.com/product/SFR-AV20
3,LSP-KS19,Basketball Slo-Release Serenity Squishy,,https://www.arielpremium.com/product/LSP-KS19
3,LSZ-SP20,Spy Stress Reliever,,https://www.arielpremium.com/product/LSZ-SP20
3,SAF-PG20,Pig Stress Buster,,https://www.arielpremium.com/product/SAF-PG20
3,LSP-BS19,Baseball Slo-Release Serenity Squishy,,https://www.arielpremium.com/product/LSP-BS19
3,LGS-HG20,Emoji Hugging Stress Reliever,,https://www.arielpremium.com/product/LGS-HG20
3,SAA-SQ20,Squid Stress Buster,,https://www.arielpremium.com/product/SAA-SQ20
3,LAN-CB20,Cuddly Bear Slo-Release Serenity Squishy,,https://www.arielpremium.com/product/LAN-CB20
3,LTR-SF19,Semi Flatbed Truck Stress Reliever,,https://www.arielpremium.com/product/LTR-SF19
3,WTT-QA18,Quick-Alert Safety Whistle,,https://www.arielpremium.com/product/WTT-QA18
3,WLT-LS19,Lookout 3-in-1 Safety Whistle & COB Light & Carabiner,,https://www.arielpremium.com/product/WLT-LS19
3,WLT-PC19,Polestar COB Headlamp,,https://www.arielpremium.com/product/WLT-PC19
3,WHF-QS19,Quick Slide Mini First Aid Bandage Dispenser,,https://www.arielpremium.com/product/WHF-QS19
3,WLT-KC18,Key COB Safety Light,,https://www.arielpremium.com/product/WLT-KC18
3,WLT-MW19,Mini Watchman Flashlight with Escape Hammer,,https://www.arielpremium.com/product/WLT-MW19
3,WLT-WF19,None,,https://www.arielpremium.com/product/WLT-WF19
3,WLT-RV19,Revel COB Light & Whistle,,https://www.arielpremium.com/product/WLT-RV19
3,WLT-MG19,Magnum COB Worklight,,https://www.arielpremium.com/product/WLT-MG19
3,WPC-CR20,Chiller RPET Cooling Towel,,https://www.arielpremium.com/product/WPC-CR20
3,WPC-CT19,None,,https://www.arielpremium.com/product/WPC-CT19
3,WOR-DB19,Deluxe Barrel Fleece Blanket,,https://www.arielpremium.com/product/WOR-DB19
3,WBA-WP19,25-Liter Waterproof Backpack,,https://www.arielpremium.com/product/WBA-WP19
3,WOR-EC20,Easy-Carry Towel Holder,,https://www.arielpremium.com/product/WOR-EC20
3,WBA-NG21,Navigator Cooler Bag,,https://www.arielpremium.com/product/WBA-NG21
3,WOR-CS20,Castaway Inflatable Swim Ring,,https://www.arielpremium.com/product/WOR-CS20
3,WBA-MC20,Mariner 5-Liter Combo Waterproof & Mesh Gear Bag,,https://www.arielpremium.com/product/WBA-MC20
3,WPC-SB19,Sebring UV400 Wood Grain Sunglasses,,https://www.arielpremium.com/product/WPC-SB19
3,WPC-HS20,Huggle Face Mask,,https://www.arielpremium.com/product/WPC-HS20
3,WPC-SF21,Surfside Metallic Sunglasses,,https://www.arielpremium.com/product/WPC-SF21
3,WOR-WT20,Wanderer 44x59 Travel Blanket,,https://www.arielpremium.com/product/WOR-WT20
3,WPC-PT19,None,,https://www.arielpremium.com/product/WPC-PT19
3,WBA-WB20,5-Liter Waterproof Gear Bag With Touch-Thru Pouch,,https://www.arielpremium.com/product/WBA-WB20
3,WOR-CT20,Castaway Speaker Set Inflatable Swim Ring with Waterproof Wireless Speaker,,https://www.arielpremium.com/product/WOR-CT20
3,WOR-PB19,Plaid Barrel 47x52 Fleece Picnic Blanket,,https://www.arielpremium.com/product/WOR-PB19
3,WOR-AB21,Aluminum Bottle Opener with Key Ring,,https://www.arielpremium.com/product/WOR-AB21
3,WPC-DR19,Delray Two-Tone Sunglasses,,https://www.arielpremium.com/product/WPC-DR19
3,WPC-DW20,Doral Wheat Straw Sunglasses,,https://www.arielpremium.com/product/WPC-DW20
3,WBA-CT19,Crosstrek Hydration Backpack,,https://www.arielpremium.com/product/WBA-CT19
3,WOR-AC21,Aluminum Carabiner with Key Ring,,https://www.arielpremium.com/product/WOR-AC21
3,WPC-KW19,Key West Mirrored Sunglasses,,https://www.arielpremium.com/product/WPC-KW19
3,ESP-MT20,Motif Wireless Speaker,,https://www.arielpremium.com/product/ESP-MT20
3,WOR-AS21,Aluminum Carabiner Strap with Color-Code Key Clips,,https://www.arielpremium.com/product/WOR-AS21
3,WLT-RF19,Retro Lantern with Fan,,https://www.arielpremium.com/product/WLT-RF19
3,WPC-LG19,Largo UV400 Sunglasses,,https://www.arielpremium.com/product/WPC-LG19
3,WPC-NP19,Naples UV400 Sunglasses,,https://www.arielpremium.com/product/WPC-NP19
3,WOR-KW20,Klondike Waterproof Shoe Covers,,https://www.arielpremium.com/product/WOR-KW20
3,WBA-WT20,10-Liter Waterproof Gear Bag With Touch-Thru Pouch,,https://www.arielpremium.com/product/WBA-WT20
3,WBA-WG19,2-Liter Waterproof Gear Bag with Touch-Thru Phone Pocket,,https://www.arielpremium.com/product/WBA-WG19
3,WPC-DT19,Daytona UV400 Sunglasses,,https://www.arielpremium.com/product/WPC-DT19
3,WKA-CA19,Cobblestone Absorbent Coaster with Cork Base,,https://www.arielpremium.com/product/WKA-CA19
3,WOF-BH20,Brume Mini Humidifier,,https://www.arielpremium.com/product/WOF-BH20
3,WOF-JF23,Jot 'N Plot 9x9 Recycled Organizer Notebook,,https://www.arielpremium.com/product/WOF-JF23
3,WPC-SP19,None,,https://www.arielpremium.com/product/WPC-SP19
3,WMG-CA18,Clip-All All-Purpose Magnetic Clip Holder,,https://www.arielpremium.com/product/WMG-CA18
3,WOF-TS19,Trine Sticky Note Holder,,https://www.arielpremium.com/product/WOF-TS19
3,WOF-SC20,Seminar Soft-Cover 6x8 Journal,,https://www.arielpremium.com/product/WOF-SC20
3,WOF-AR21,Archive Soft-Cover Journal,,https://www.arielpremium.com/product/WOF-AR21
3,WOF-CR18,Conclave Refillable Leatherette Journal 5x8,,https://www.arielpremium.com/product/WOF-CR18
3,WOF-WW19,Write & Wipe Erasable Jotter 4x7 Notebook,,https://www.arielpremium.com/product/WOF-WW19
3,WPC-LC19,None,,https://www.arielpremium.com/product/WPC-LC19
3,WLT-ET19,Executive Desk Lamp with Multi-Function Display,,https://www.arielpremium.com/product/WLT-ET19
3,WPC-MT19,None,,https://www.arielpremium.com/product/WPC-MT19
3,WOF-TH18,Twill Heathered 5x7 Journal,,https://www.arielpremium.com/product/WOF-TH18
3,WOF-CJ21,Chic 5x8 Journal with Magnetic Closure,,https://www.arielpremium.com/product/WOF-CJ21
3,WOF-OD19,Ovation Desk Mat,,https://www.arielpremium.com/product/WOF-OD19
3,WOF-GW21,Grove Woodgrain 5x7 Journal,,https://www.arielpremium.com/product/WOF-GW21
3,WOF-IL19,Inspire Laser Pointer with Stylus Pen,,https://www.arielpremium.com/product/WOF-IL19
3,EPB-PM20,Premier 10000mAh PD QC Power Bank,,https://www.arielpremium.com/product/EPB-PM20
3,WPC-LT19,None,,https://www.arielpremium.com/product/WPC-LT19
3,WOF-ZH19,Zenith Hardcover 5x8 Journal,,https://www.arielpremium.com/product/WOF-ZH19
3,WOF-RR21,None,,https://www.arielpremium.com/product/WOF-RR21
3,WPC-LP19,None,,https://www.arielpremium.com/product/WPC-LP19
3,WEE-SS18,Spray & Swipe Microfiber Screen Cleaner,,https://www.arielpremium.com/product/WEE-SS18
3,WOF-QT18,Quarry Textured 5x8 Journal with Interlocking Pen Closure,,https://www.arielpremium.com/product/WOF-QT18
3,WOF-CT19,Corona Textured Journal 6x8,,https://www.arielpremium.com/product/WOF-CT19
3,WOF-CJ19,Council Textured 5x8 Journal with Phone & Pen Holder,,https://www.arielpremium.com/product/WOF-CJ19
3,WOF-HH18,Hefty Hardcover 5x7 Notebook,,https://www.arielpremium.com/product/WOF-HH18
3,WPC-LM19,None,,https://www.arielpremium.com/product/WPC-LM19
3,WOF-ZT18,Zip-It Pocketed 5x8 Journal,,https://www.arielpremium.com/product/WOF-ZT18
3,WLT-LL19,Limelight Desk Lamp with Wireless Charger,,https://www.arielpremium.com/product/WLT-LL19
3,WPC-MM19,None,,https://www.arielpremium.com/product/WPC-MM19
3,WOF-GH20,Granite Hardcover Journal 5x8,,https://www.arielpremium.com/product/WOF-GH20
3,WPC-SM19,None,,https://www.arielpremium.com/product/WPC-SM19
3,WOF-ST18,Symposium Textured 5x8 Journal,,https://www.arielpremium.com/product/WOF-ST18
3,WOF-ST19,Snap 'N Stow Storage Tray,,https://www.arielpremium.com/product/WOF-ST19
3,WPC-PC19,None,,https://www.arielpremium.com/product/WPC-PC19
3,WOF-SS19,Solstice Softbound 5x8 Journal,,https://www.arielpremium.com/product/WOF-SS19
3,WOR-FB18,Floating Buoy Waterproof Container with Key Ring,,https://www.arielpremium.com/product/WOR-FB18
3,WKC-AB18,None,,https://www.arielpremium.com/product/WKC-AB18
3,WPC-FR18,Mystical Flow Rings in Bag,,https://www.arielpremium.com/product/WPC-FR18
3,WLT-SS20,Slide 'N Shine LED Pocket Flashlight,,https://www.arielpremium.com/product/WLT-SS20
3,WLT-ST18,Spotlight Telescoping LED Light,,https://www.arielpremium.com/product/WLT-ST18
3,WLT-OS18,Orbit Swivel Beacon with Motion Detector,,https://www.arielpremium.com/product/WLT-OS18
3,WLT-SR20,Signal Rechargable Silicone Clip Light,,https://www.arielpremium.com/product/WLT-SR20
3,WLT-SP19,Sprinter Sports & Safety Light,,https://www.arielpremium.com/product/WLT-SP19
3,WLT-QM19,Quasar Multi-Function Lantern,,https://www.arielpremium.com/product/WLT-QM19
3,WLT-MM20,Mini Magnum Portable Worklight,,https://www.arielpremium.com/product/WLT-MM20
3,WLT-AD19,Annex Dual Work Light,,https://www.arielpremium.com/product/WLT-AD19
3,WLT-LB19,Light Bulb Key Chain,,https://www.arielpremium.com/product/WLT-LB19
3,WLT-LM20,Loop Mini LED Pocket Flashlight,,https://www.arielpremium.com/product/WLT-LM20
3,WLT-RA19,Ranger Aluminum Flashlight,,https://www.arielpremium.com/product/WLT-RA19
3,WHF-SM20,None,,https://www.arielpremium.com/product/WHF-SM20
3,WHF-PP20,3-Ply Face Mask,,https://www.arielpremium.com/product/WHF-PP20
3,WSA-DF20,Defender 3.4 oz Hand Sanitizer with Vitamin E,,https://www.arielpremium.com/product/WSA-DF20
3,WHF-SO20,Sentinel Polyester Heat Transfer Face Mask,,https://www.arielpremium.com/product/WHF-SO20
3,WHF-CC20,Sentinel Color-Me Polyester Face Mask for Children,,https://www.arielpremium.com/product/WHF-CC20
3,WHF-SB20,Sentinel Polyester Half Dye-Sub Face Mask for Children,,https://www.arielpremium.com/product/WHF-SB20
3,WSA-GM20,Gel Moisture Bead 1 oz Hand Sanitizer,,https://www.arielpremium.com/product/WSA-GM20
3,WHF-SD20,Sentinel Polyester Heat Transfer Face Mask For Children,,https://www.arielpremium.com/product/WHF-SD20
3,WHF-SK20,Sentinel Polyester Face Mask For Children,,https://www.arielpremium.com/product/WHF-SK20
3,WHF-PU20,Purity Wireless Charger with UV-C Chamber,,https://www.arielpremium.com/product/WHF-PU20
3,WHF-EF20,Essential Face Mask Kit,,https://www.arielpremium.com/product/WHF-EF20
3,WHF-PP19,Premium Plush Eye Mask Aqua Pearls Hot/Cold Pack,,https://www.arielpremium.com/product/WHF-PP19
3,WHF-ST20,Sentinel Polyester Dye- Sub Face Mask,,https://www.arielpremium.com/product/WHF-ST20
3,WHF-PK20,Pure Pak Portable & Collapsible UV-C Bag,,https://www.arielpremium.com/product/WHF-PK20
3,WHO-VP19,Vellum Paper Straw 10-Pack,,https://www.arielpremium.com/product/WHO-VP19
3,WHF-MR19,Mini Round Aqua Pearls Hot/Cold Pack,,https://www.arielpremium.com/product/WHF-MR19
3,WSA-GC20,Guardian 8.5 oz Pump-Action Hand Sanitizer with Vitamin E,,https://www.arielpremium.com/product/WSA-GC20
3,WHF-TD20,Slide 'N Store Temperature Strip & Bandage Dispenser,,https://www.arielpremium.com/product/WHF-TD20
3,WHF-KN20,KN95 FDA Registered Mask,,https://www.arielpremium.com/product/WHF-KN20
3,WHF-EC20,Escort Cotton 4-Ply Face Mask,,https://www.arielpremium.com/product/WHF-EC20
3,WHF-RM20,Refresh Microfiber Cooling Mask with Travel Pouch,,https://www.arielpremium.com/product/WHF-RM20
3,WHF-BA20,PPE Basic Kit with Imprinted Bag,,https://www.arielpremium.com/product/WHF-BA20
3,WHF-SA20,Sentinel Polyester Face Mask,,https://www.arielpremium.com/product/WHF-SA20
3,WHF-CF20,Comfort FLEX Mask with Travel Pouch,,https://www.arielpremium.com/product/WHF-CF20
3,WSA-GU20,Guardian 1 oz Hand Sanitizer,,https://www.arielpremium.com/product/WSA-GU20
3,WHF-SC20,Sentinel Polyester Dye-Sub Face Mask For Children,,https://www.arielpremium.com/product/WHF-SC20
3,WHF-SG20,Sentry Safety Glasses,,https://www.arielpremium.com/product/WHF-SG20
3,WHF-KR20,KN95 FDA Registered Mask with Cotton Layer,,https://www.arielpremium.com/product/WHF-KR20
3,WHF-CM20,Sentinel Color-Me Polyester Face Mask,,https://www.arielpremium.com/product/WHF-CM20
3,WSA-HP20,Handy Pack Sanitizing Wipes with Carabiner,,https://www.arielpremium.com/product/WSA-HP20
3,WSA-GP20,Guardian 8.5 oz Pump-Action Hand Sanitizer with Vitamin E,,https://www.arielpremium.com/product/WSA-GP20
3,WSA-PS20,Palais 1 oz Hand Sanitizer,,https://www.arielpremium.com/product/WSA-PS20
3,DWA-PR19,Onyx 12 oz Stainless Steel/Plastic Liner Wine Goblet,,https://www.arielpremium.com/product/DWA-PR19
3,DWP-TW18,Tailwind 24 oz LDPE Bike Bottle,,https://www.arielpremium.com/product/DWP-TW18
3,DTM-OX19,Onyx 12 oz Stainless Steel/Plastic Liner Wine Goblet,,https://www.arielpremium.com/product/DTM-OX19
3,DBT-AT20,Atlas 25 oz Stainless Steel Bottle,,https://www.arielpremium.com/product/DBT-AT20
3,DTM-HX18,Helix 20 oz Vacuum Insulated Stainless Steel Tumbler,,https://www.arielpremium.com/product/DTM-HX18
3,DBT-KN20,Kona 17 oz Stainless Steel Vacuum Insulated Bottle,,https://www.arielpremium.com/product/DBT-KN20
3,DBT-AR19,Aurora 18 oz Copper-Coated Bottle,,https://www.arielpremium.com/product/DBT-AR19
3,DBT-CM19,Criterium 24 oz Tritan Bottle,,https://www.arielpremium.com/product/DBT-CM19
3,DTM-BS21,Bistro 14 oz Coffee Cup with Silicone Sleeve and Straw,,https://www.arielpremium.com/product/DTM-BS21
3,DMU-FD19,Foundry 16 oz Enamel-Lined Iron Coffee Mug,,https://www.arielpremium.com/product/DMU-FD19
3,DBT-KB19,None,,https://www.arielpremium.com/product/DBT-KB19
3,DWP-PD18,Paddock 32 oz PET Infuser Bottle with Flip-Up Lid,,https://www.arielpremium.com/product/DWP-PD18
3,DTM-CF19,Cardiff 20 oz Ceramic-Lined Stainless Steel Tumbler,,https://www.arielpremium.com/product/DTM-CF19
3,DWP-TK18,Trekker 32 oz PET Chiller Bottle with Flip-Up Lid,,https://www.arielpremium.com/product/DWP-TK18
3,DTM-CB18,Cambridge 16 oz Copper-Coated Tumbler with Silicone Wrap,,https://www.arielpremium.com/product/DTM-CB18
3,DTM-PB20,Pembroke 13 oz Ceramic and Stainless Steel Tumbler,,https://www.arielpremium.com/product/DTM-PB20
3,DWA-SO19,Solari 18 oz Copper-Coated Powder-Coated Insulated Tumbler,,https://www.arielpremium.com/product/DWA-SO19
3,DTM-YK19,York 20 oz Stainless Steel/Plastic Liner Tumbler with Cork Base,,https://www.arielpremium.com/product/DTM-YK19
3,DBT-AM20,Allure 20 oz Magnetic Lid Stainless Steel Bottle,,https://www.arielpremium.com/product/DBT-AM20
3,DWP-SP18,Sprint 28 oz PET Eco-Polyclear Bottle with Push-Pull Lid,,https://www.arielpremium.com/product/DWP-SP18
3,DTM-BR18,Brighton 20 oz Vacuum Insulated Stainless Steel Tumbler,,https://www.arielpremium.com/product/DTM-BR18
3,DTM-BR19,Bristol 17 oz Vacuum Insulated Stainless Steel Tumbler,,https://www.arielpremium.com/product/DTM-BR19
3,DNT-TP20,NAYAD Trouper 22 oz Stainless Steel Double Wall Tumbler with Straw,,https://www.arielpremium.com/product/DNT-TP20
3,DBT-CS19,Crescent 25 oz Stainless Steel Bottle,,https://www.arielpremium.com/product/DBT-CS19
3,DMU-OB20,Outback 16 oz Stainless Steel/Plastic Liner Mug,,https://www.arielpremium.com/product/DMU-OB20
3,DBT-EG19,Everglade 24 oz Frosted Tritan Bottle,,https://www.arielpremium.com/product/DBT-EG19
3,DWP-VO18,Velo 32 oz PET Bottle with Flip-Up Lid,,https://www.arielpremium.com/product/DWP-VO18
3,DSB-SB19,SENSO Smart 17 oz Bottle,,https://www.arielpremium.com/product/DSB-SB19
3,DWP-RE18,Relay 30 oz PET Eco-Polyclear Bottle with Super Sipper Lid,,https://www.arielpremium.com/product/DWP-RE18
3,DWP-VG18,Vintage 16 oz Tritan High Gloss Plastic Wine Glass with Lid,,https://www.arielpremium.com/product/DWP-VG18
3,DBT-KE18,None,,https://www.arielpremium.com/product/DBT-KE18
3,DWA-CV19,Ceva 14 oz Copper-Coated Powder-Coated Insulated Mug,,https://www.arielpremium.com/product/DWA-CV19
3,DWP-CY18,Cycler 24 oz PET Eco-Polyclear Bottle with Push-Pull Lid,,https://www.arielpremium.com/product/DWP-CY18
3,DBT-AT19,Atrium 25 oz Aluminum Bottle,,https://www.arielpremium.com/product/DBT-AT19
3,DTM-CV18,Coventry 12 oz Vacuum Insulated Stainless Steel Tumbler and Can Cooler,,https://www.arielpremium.com/product/DTM-CV18
3,DTM-NC19,Newcastle 12 oz Vacuum Insulated Stainless Steel Tumbler,,https://www.arielpremium.com/product/DTM-NC19
3,DTM-CD19,Cadet 9 oz Vacuum Insulated Stainless Steel Tumbler,,https://www.arielpremium.com/product/DTM-CD19
3,DBT-HC21,Hercules 75 oz Water Jug,,https://www.arielpremium.com/product/DBT-HC21
3,DBT-WF19,Waterfront 23 oz Tritan Bottle,,https://www.arielpremium.com/product/DBT-WF19
3,DTM-OP19,Optima 14 oz Stainless Steel/Plastic Liner Tumbler,,https://www.arielpremium.com/product/DTM-OP19
3,DWP-JK18,Jockey 20 oz Economy Bottle with Push-Pull Lid,,https://www.arielpremium.com/product/DWP-JK18
3,DTM-CQ19,Clique 18 oz Vacuum Insulated Stainless Steel Tumbler,,https://www.arielpremium.com/product/DTM-CQ19
3,DTM-CL19,Calibre 12 oz Vacuum Insulated Ceramic Inside-Coated Coffee Mug,,https://www.arielpremium.com/product/DTM-CL19
3,DWP-PT18,Pinot 16 oz Tritan Plastic Wine Glass,,https://www.arielpremium.com/product/DWP-PT18
3,DWP-TF18,Trifecta 16 oz Straw Tumbler,,https://www.arielpremium.com/product/DWP-TF18
3,DBT-TJ18,Tijuana 23 oz Vacuum Insulated Stainless Steel Bottle,,https://www.arielpremium.com/product/DBT-TJ18
3,DWP-FS18,Fiesta 16 oz Insulated Plastic Cup,,https://www.arielpremium.com/product/DWP-FS18
3,WKA-SN18,Stow 'N Go Silicone Bottle Ring,,https://www.arielpremium.com/product/WKA-SN18
3,DBT-PN19,Panama 25 oz Vacuum Insulated Stainless Steel Bottle,,https://www.arielpremium.com/product/DBT-PN19
3,DTM-FT18,Flip-Top 20 oz Plastic Shaker Tumbler,,https://www.arielpremium.com/product/DTM-FT18
3,DTM-MR19,Mirage 17 oz Vacuum Insulated Stainless Steel Mug,,https://www.arielpremium.com/product/DTM-MR19
3,DWP-AR18,Arena 25 oz PET Eco-Polyclear Infuser Bottle with Flip-Up Lid,,https://www.arielpremium.com/product/DWP-AR18
3,DBT-KW18,None,,https://www.arielpremium.com/product/DBT-KW18
3,DBT-LA18,Laguna 18 oz Glass Bottle,,https://www.arielpremium.com/product/DBT-LA18
3,DTM-OA18,Oasis 20 oz Stainless Steel/Plastic Liner Tumbler,,https://www.arielpremium.com/product/DTM-OA18
3,DTM-MC18,Manchester 15 oz Stainless Steel/Plastic Liner Tumbler,,https://www.arielpremium.com/product/DTM-MC18
3,DBT-AV19,Avion 12 oz Copper-Coated Bottle,,https://www.arielpremium.com/product/DBT-AV19
3,WBA-CH19,Concourse Heathered Tote Bag,,https://www.arielpremium.com/product/WBA-CH19
3,WBA-GS19,Greystone Drawstring Backpack,,https://www.arielpremium.com/product/WBA-GS19
3,WBA-RG19,Regal Fashion Backpack,,https://www.arielpremium.com/product/WBA-RG19
3,WBA-AR19,Aurora Insulated Bag,,https://www.arielpremium.com/product/WBA-AR19
3,WBA-ZP20,Zippered Ripstop Utility Bag with Carabiner,,https://www.arielpremium.com/product/WBA-ZP20
3,WBA-ED19,None,,https://www.arielpremium.com/product/WBA-ED19
3,WBA-MG19,None,,https://www.arielpremium.com/product/WBA-MG19
3,WBA-FC19,Fusion Drawstring Cinchpack Bag,,https://www.arielpremium.com/product/WBA-FC19
3,WBA-PL19,Polaris Insulated Lunch Bag,,https://www.arielpremium.com/product/WBA-PL19
3,WBA-TH19,Triumph Herringbone Duffel,,https://www.arielpremium.com/product/WBA-TH19
3,WBA-AB18,"Ashford 15 Laptop Backpack""",,https://www.arielpremium.com/product/WBA-AB18
3,WBA-QD19,Quill Drawstring Backpack,,https://www.arielpremium.com/product/WBA-QD19
3,WBA-NB18,Nautical Insulated Mesh Beach Bag,,https://www.arielpremium.com/product/WBA-NB18
3,WBA-PW20,25-Liter Polyester Waterproof Backpack,,https://www.arielpremium.com/product/WBA-PW20
3,WBA-EP19,Expedition 2-in-1 Backpack & Tote Bag,,https://www.arielpremium.com/product/WBA-EP19
3,WBA-VG19,None,,https://www.arielpremium.com/product/WBA-VG19
3,WBT-ST19,None,,https://www.arielpremium.com/product/WBT-ST19
3,WBA-MB19,Monarch Business Bag,,https://www.arielpremium.com/product/WBA-MB19
3,WBA-RM19,Rime Insulated Lunch Tote,,https://www.arielpremium.com/product/WBA-RM19
3,WBA-PT21,Portfolio Tablet Attache,,https://www.arielpremium.com/product/WBA-PT21
3,WBA-MP19,None,,https://www.arielpremium.com/product/WBA-MP19
3,WBA-AC18,"Ashford 17 Laptop Conference Bag""",,https://www.arielpremium.com/product/WBA-AC18
3,WBA-TS19,Treadway Work & Sports Backpack,,https://www.arielpremium.com/product/WBA-TS19
3,WBA-PP19,Porta Power Digital Organizer,,https://www.arielpremium.com/product/WBA-PP19
3,WBA-GA19,Glacier Convertible Insulated Cooler Bag,,https://www.arielpremium.com/product/WBA-GA19
3,HAU-SC20,ihub Smart 2 USB Car Charger,,https://www.arielpremium.com/product/HAU-SC20
3,WAU-CV19,Car Vent Air Freshener Lemon Scent,,https://www.arielpremium.com/product/WAU-CV19
3,EAC-AV20,Auto Vent/Dashboard 10W Wireless Charger and Phone Holder,,https://www.arielpremium.com/product/EAC-AV20
3,HAU-SF20,ihub Super Fast USB-C 18W PD Car Charger,,https://www.arielpremium.com/product/HAU-SF20
3,WAU-AA20,Ascent Auto Vent Phone Mount,,https://www.arielpremium.com/product/WAU-AA20
3,WAU-UM21,Umbra 4-Piece Car Sun Shade,,https://www.arielpremium.com/product/WAU-UM21
3,WAU-CM20,Commuter Auto Vent Phone Holder,,https://www.arielpremium.com/product/WAU-CM20
3,WAU-UA19,Universal Auto Vent Phone Mount,,https://www.arielpremium.com/product/WAU-UA19
3,EPB-CN20,Counsel 5000mAh Mini Power Bank,,https://www.arielpremium.com/product/EPB-CN20
3,ESP-BL20,Boost Light-Up Wireless Speaker,,https://www.arielpremium.com/product/ESP-BL20
3,WSA-FC20,Flip-Clip 1 oz Hand Sanitizer,,https://www.arielpremium.com/product/WSA-FC20
3,EAC-AU20,Alliance Ultra Thin 5W Wireless Charger,,https://www.arielpremium.com/product/EAC-AU20
3,EAC-MT20,Matrix Light-Up 5W Wireless Charging Pad,,https://www.arielpremium.com/product/EAC-MT20
3,WHF-RD21,Round Re-stickable Cold Pack,,https://www.arielpremium.com/product/WHF-RD21
3,EAC-TW20,Twilight Digital Alarm Clock with 5W Wireless Charger,,https://www.arielpremium.com/product/EAC-TW20
3,WHF-OM20,Outdoor Summer Protection Kit,,https://www.arielpremium.com/product/WHF-OM20
3,WHF-TK20,PPE Masks Glove Sanitizer Travel Kit,,https://www.arielpremium.com/product/WHF-TK20
3,WHF-VB20,PPE Value Kit,,https://www.arielpremium.com/product/WHF-VB20
3,EAC-PF23,Panda Bamboo 5W Wireless Charger with Dual USB Ports,,https://www.arielpremium.com/product/EAC-PF23
3,ETA-SL20,"Scribe 8.5 LCD Writing Tablet""",,https://www.arielpremium.com/product/ETA-SL20
3,WHF-DK20,PPE Daily Mask Kit Economy,,https://www.arielpremium.com/product/WHF-DK20
3,EHE-FT20,Forte TWS Earbuds with Power Case,,https://www.arielpremium.com/product/EHE-FT20
3,DSB-TT20,SENSO Comfort Touch 12 oz Bottle,,https://www.arielpremium.com/product/DSB-TT20
3,WHF-WU20,Whisk UV-C Portable Tooth Brush Cleaner,,https://www.arielpremium.com/product/WHF-WU20
3,WHF-VK20,PPE Value Kit with Imprinted Bag,,https://www.arielpremium.com/product/WHF-VK20
3,WHF-SH20,Sentinel Polyester Half Dye-Sub Face Mask,,https://www.arielpremium.com/product/WHF-SH20
3,WHF-WP20,Wellspring 12 oz Touchless Soap or Sanitizer Dispenser,,https://www.arielpremium.com/product/WHF-WP20
3,WHF-TC20,None,,https://www.arielpremium.com/product/WHF-TC20
3,EHE-PT20,Pulse TWS Earbuds with Power Case,,https://www.arielpremium.com/product/EHE-PT20
3,WHF-OP20,Outdoor Summer Protection Kit Economy,,https://www.arielpremium.com/product/WHF-OP20
3,WHF-DM20,PPE Daily Mask Kit,,https://www.arielpremium.com/product/WHF-DM20
3,EPB-ES20,Esquire 5000mAh Power Bank Wireless Charger with 3-in-1 Charging Cable,,https://www.arielpremium.com/product/EPB-ES20
3,EPB-FS23,Bamboo 5000mAh Dual Port Power Bank with Wireless Charger,,https://www.arielpremium.com/product/EPB-FS23
3,EASYFLOW,Easy Flow Gel Pen,,https://www.arielpremium.com/product/EASYFLOW
3,ALB-LT21,AeroLOFT Laptop and Tablet Organizer Bag,,https://www.arielpremium.com/product/ALB-LT21
3,BEK-SS21,Super Soft Cuddle Blanket,,https://www.arielpremium.com/product/BEK-SS21
3,BEM-FE21,BeWell Flaxseed Heat Therapy 3D Eye Mask,,https://www.arielpremium.com/product/BEM-FE21
3,BEN-FN21,BeWell Flaxseed Heat Therapy Neck/ Shoulder Pad with Hand loops,,https://www.arielpremium.com/product/BEN-FN21
3,DSB-CB21,SENSO Classic 22 oz Vacuum Insulated Stainless Steel Bottle,,https://www.arielpremium.com/product/DSB-CB21
3,DSB-CT21,SENSO Classic 17 oz Vacuum Insulated Stainless Steel Tumbler,,https://www.arielpremium.com/product/DSB-CT21
3,DWP-CS21,Cafe 17 oz Sustainable To-Go Cup,,https://www.arielpremium.com/product/DWP-CS21
3,DWP-PT21,Pub 20 oz Tritan Plastic Craft Beer Glass,,https://www.arielpremium.com/product/DWP-PT21
3,EAC-AM21,Avalon Mouse Pad with Wireless Charger,,https://www.arielpremium.com/product/EAC-AM21
3,EAC-SF21,Sonic 20W Fast USB-C PD Charger with Dual Outputs,,https://www.arielpremium.com/product/EAC-SF21
3,EAC-SU21,Sunrise Alarm Clock with Himalayan Salt Lamp and Wireless Charger,,https://www.arielpremium.com/product/EAC-SU21
3,EAC-TB21,Turbo 10W Magnetic Wireless Charger,,https://www.arielpremium.com/product/EAC-TB21
3,EGA-HW21,Hawk Mini Drone,,https://www.arielpremium.com/product/EGA-HW21
3,EHE-CT21,Coda TWS Earbuds with UV-C Case & Antimicrobial Additive,,https://www.arielpremium.com/product/EHE-CT21
3,EHE-FP21,FitPro True Wireless Sport Earbuds with Antimicrobial Additive,,https://www.arielpremium.com/product/EHE-FP21
3,EHE-SE21,Serenade Over-Ear Stereo Wireless Folding Headphones,,https://www.arielpremium.com/product/EHE-SE21
3,EHE-SN21,Sonata Noise Cancelling TWS Earbuds,,https://www.arielpremium.com/product/EHE-SN21
3,EHE-TM21,Timbre Active Noise Cancelling Over-Ear Wireless Headphones,,https://www.arielpremium.com/product/EHE-TM21
3,EMA-CD21,Cadence Deep Tissue Massage Gun,,https://www.arielpremium.com/product/EMA-CD21
3,EPB-EL21,Elite 10000mAh 18W PD Power Bank with USB-C and Lightning Ports,,https://www.arielpremium.com/product/EPB-EL21
3,ESP-EW21,Explorer Water Resistant Speaker with Carabiner,,https://www.arielpremium.com/product/ESP-EW21
3,ESP-RL21,Revere Collapsible Lantern and Wireless Speaker,,https://www.arielpremium.com/product/ESP-RL21
3,ESP-RY21,Rhyme Light Up Stereo Speaker Bar,,https://www.arielpremium.com/product/ESP-RY21
3,ETA-SL21,"Slate 6.5 LCD Memo Board""",,https://www.arielpremium.com/product/ETA-SL21
3,ETA-ST21,"Slate 10 LCD Memo Board""",,https://www.arielpremium.com/product/ETA-ST21
3,WGA-PP21,Push Pop Square Bubble Game,,https://www.arielpremium.com/product/WGA-PP21
3,WGA-PR21,Push Pop Round Bubble Game,,https://www.arielpremium.com/product/WGA-PR21
3,WHF-CS21,Cascade 5-Ball Massager,,https://www.arielpremium.com/product/WHF-CS21
3,WHF-CU21,Cascade Under-Eye Roller Massager,,https://www.arielpremium.com/product/WHF-CU21
3,WHF-EC21,Easy-Clean UV-C Phone Chamber,,https://www.arielpremium.com/product/WHF-EC21
3,WHF-JD21,Jade Pressure Relief Roller,,https://www.arielpremium.com/product/WHF-JD21
3,WLT-DB21,"Dual Beam COB, LED Work Light",,https://www.arielpremium.com/product/WLT-DB21
3,WLT-PV21,Pivot COB Adjustable Worklight,,https://www.arielpremium.com/product/WLT-PV21
3,WLT-RT21,Retro II COB Pop Up Lantern,,https://www.arielpremium.com/product/WLT-RT21
3,WOF-AC21,Accent Mouse Pad with Antimicrobial Additive,,https://www.arielpremium.com/product/WOF-AC21
3,WPC-LC21,6x6 220GSM Microfiber Lens Cloth with Antimicrobial Additive,,https://www.arielpremium.com/product/WPC-LC21
3,WPC-PT21,Palmetto Colored-Lens Sunglasses,,https://www.arielpremium.com/product/WPC-PT21
3,WTE-CV21,Clear View Phone Stand,,https://www.arielpremium.com/product/WTE-CV21
3,WTV-CB21,Cool Breeze Portable Fan with Adjustable Lanyard,,https://www.arielpremium.com/product/WTV-CB21
3,WTV-DB21,Dual Breeze Hands-Free Neck Fan with Mood Light,,https://www.arielpremium.com/product/WTV-DB21
3,BEK-PM22,BeWell Plush USB Mini Electric Heated Blanket,,https://www.arielpremium.com/product/BEK-PM22
3,DMU-OM22,Omni 13 oz Stainless Steel/Plastic Mug,,https://www.arielpremium.com/product/DMU-OM22
3,DNB-RA21,NAYAD Ranger 40 oz Stainless Double Wall Bottle with Flip-Top Spout,,https://www.arielpremium.com/product/DNB-RA21
3,DNB-RG21,NAYAD Ranger 18 oz Stainless Double Wall Bottle with Flip-Top Spout,,https://www.arielpremium.com/product/DNB-RG21
3,DNB-RL20,NAYAD Roamer 26 oz Stainless Double Wall Bottle,,https://www.arielpremium.com/product/DNB-RL20
3,DNB-RM20,NAYAD Roamer 18 oz Stainless Double Wall Bottle,,https://www.arielpremium.com/product/DNB-RM20
3,DNB-RO21,NAYAD Roamer 40 oz Stainless Double Wall Bottle,,https://www.arielpremium.com/product/DNB-RO21
3,DNB-RR21,NAYAD Ranger 26 oz Stainless Double Wall Bottle with Flip-Top Spout,,https://www.arielpremium.com/product/DNB-RR21
3,DNB-TL21,NAYAD Traveler 26 oz Stainless  Bottle w/ Twist-Top Spout,,https://www.arielpremium.com/product/DNB-TL21
3,DNB-TR21,NAYAD Traveler 40 oz Stainless  Bottle w/ Twist-Top Spout,,https://www.arielpremium.com/product/DNB-TR21
3,DNB-TV21,NAYAD Traveler 18 oz Stainless Double Wall Bottle with Twist-Top Spout,,https://www.arielpremium.com/product/DNB-TV21
3,DNM-ML20,NAYAD Metro 20 oz Stainless Double Wall Mug,,https://www.arielpremium.com/product/DNM-ML20
3,DNM-MS20,NAYAD Metro 15 oz Stainless Double Wall Mug,,https://www.arielpremium.com/product/DNM-MS20
3,DSB-HP20,SENSO Hydro-Pure 17 oz Vacuum Insulated Bottle,,https://www.arielpremium.com/product/DSB-HP20
3,DTM-CM22,Commuter 17 oz Double Wall Polypropylene Tumbler with Flip Top Closure,,https://www.arielpremium.com/product/DTM-CM22
3,DWI-CQ18,Cirque 22 oz Tritan Bowl,,https://www.arielpremium.com/product/DWI-CQ18
3,EAC-AM19,Accord Wireless Charger Mouse Pad with Kickstand,,https://www.arielpremium.com/product/EAC-AM19
3,EAC-CW19,Console Wall Charger and Phone Holder,,https://www.arielpremium.com/product/EAC-CW19
3,EAC-TC19,Trinity 3-in-1 Charging Cable,,https://www.arielpremium.com/product/EAC-TC19
3,EAC-TL20,Treble 3-in-1 Light-Up Charging Cable,,https://www.arielpremium.com/product/EAC-TL20
3,EAC-TT19,Trilogy Travel Adapter,,https://www.arielpremium.com/product/EAC-TT19
3,ECP-AF19,Affinity Mouse Pad with 10W Fast Wireless Charger,,https://www.arielpremium.com/product/ECP-AF19
3,ECP-PD19,Power Disc 5W Wireless Charger,,https://www.arielpremium.com/product/ECP-PD19
3,ECP-PG19,Paragon 10W Fast Wireless Charger and Wall Adapter Set,,https://www.arielpremium.com/product/ECP-PG19
3,ECP-PV19,Power View 10W Fast Wireless Charger,,https://www.arielpremium.com/product/ECP-PV19
3,EHE-AT21,Allegro TWS Earbuds with Solar Powered Charging Case,,https://www.arielpremium.com/product/EHE-AT21
3,EHE-MW21,Mezzo Wireless Headphones,,https://www.arielpremium.com/product/EHE-MW21
3,EMO-AV21,Avant Wireless Optical Mouse with Antimicrobial Additive,,https://www.arielpremium.com/product/EMO-AV21
3,EPB-EV19,Enclave 5000mAh Hi-Density Polymer Power Bank,,https://www.arielpremium.com/product/EPB-EV19
3,EPB-MC18,Magma Combo Hand Warmer and Power Bank,,https://www.arielpremium.com/product/EPB-MC18
3,EPB-PM19,Paramount 4000mAh UL-Certified Power Bank,,https://www.arielpremium.com/product/EPB-PM19
3,EPB-RF20,Regent 4000mAh Faux Leather Power Bank,,https://www.arielpremium.com/product/EPB-RF20
3,EPB-ST19,Soft-Touch 4000mAh Hi-Density Polymer Power Bank,,https://www.arielpremium.com/product/EPB-ST19
3,EPH-PD18,Power Deck Wireless Charger with Dual USB Ports,,https://www.arielpremium.com/product/EPH-PD18
3,ESP-EC21,Ensemble Clip-On Wireless Speaker,,https://www.arielpremium.com/product/ESP-EC21
3,ESP-MF23,Mahogany Wireless Speaker with Wireless Charger,,https://www.arielpremium.com/product/ESP-MW20
3,ESP-RM19,Rhapsody True Wireless Speakers with Magnetic Coupling,,https://www.arielpremium.com/product/ESP-RM19
3,ESP-TG20,Tango Light-Up Wireless Speaker,,https://www.arielpremium.com/product/ESP-TG20
3,ETV-DS18,Dash 2-in-1 Charging Cable,,https://www.arielpremium.com/product/ETV-DS18
3,ETV-TD18,Triad 3-in-1 Charging Cable with Carabiner Clip,,https://www.arielpremium.com/product/ETV-TD18
3,ETV-TO18,Trio 3-in-1 Charging Cable with Built-In Phone Stand,,https://www.arielpremium.com/product/ETV-TO18
3,SWI-DB21,"Dream Big"" Blue Smiley Face Stress Buster""",,https://www.arielpremium.com/product/SWI-DB21
3,SWI-YR21,"You Rock"" Light Blue Stress Buster""",,https://www.arielpremium.com/product/SWI-YR21
3,WBA-BZ22,Bazaar RPET Folding Reusable Tote Bag,,https://www.arielpremium.com/product/WBA-BZ22
3,WBA-CB21,Compass Backpack,,https://www.arielpremium.com/product/WBA-CB21
3,WBA-CT21,Compass Tote Bag,,https://www.arielpremium.com/product/WBA-CT21
3,WBA-GG22,Grab 'N Go RPET Budget Drawstring Backpack,,https://www.arielpremium.com/product/WBA-GG22
3,WBA-RD22,Riverdale 15L Waterproof Cooler Bag,,https://www.arielpremium.com/product/WBA-RD22
3,WBA-SN22,Sonnet Collapsible Cotton Mesh Tote Bag,,https://www.arielpremium.com/product/WBA-SN22
3,WBA-SR22,Sunray RPET Reusable Shopping Bag,,https://www.arielpremium.com/product/WBA-SR22
3,WBA-ST22,Summit Insulated Cooler Bag with Napkin Dispenser,,https://www.arielpremium.com/product/WBA-ST22
3,WBA-TG22,Tailgater Insulated Lunch Tote Bags,,https://www.arielpremium.com/product/WBA-TG22
3,WBA-WG22,20-Liter Water Resistant Gear Bag,,https://www.arielpremium.com/product/WBA-WG22
3,WCP-AP18,Axis Phone Ring and Stand,,https://www.arielpremium.com/product/WCP-AP18
3,WCP-AP19,Anchor Phone Wallet and Stand,,https://www.arielpremium.com/product/WCP-AP19
3,WCP-MS18,MagnaSnap 3-in-1 Charging Cable with Type C Adapter,,https://www.arielpremium.com/product/WCP-MS18
3,WCP-SG18,Strap 'N Go Phone Wallet with Belt Strap,,https://www.arielpremium.com/product/WCP-SG18
3,WEE-SP22,Slimcard Pocket Magnifier,,https://www.arielpremium.com/product/WEE-SP22
3,WHF-ER20,Easy Rest Aromatherapy Sleep Mask,,https://www.arielpremium.com/product/WHF-ER20
3,WHF-GC19,Gyre Colored Lip Balm,,https://www.arielpremium.com/product/WHF-GC19
3,WHF-PG19,Power Grip 3-Piece Fitness Band Set,,https://www.arielpremium.com/product/WHF-PG19
3,WHF-PS22,Power Stretch 2-Piece Fitness Band Set,,https://www.arielpremium.com/product/WHF-PS22
3,WHF-PW20,Puppy Paw Aqua Pearls Hot/Cold Pack,,https://www.arielpremium.com/product/WHF-PW20
3,WHF-TB20,Thumper Body Massager,,https://www.arielpremium.com/product/WHF-TB20
3,WHO-BR22,Breeder Pet Grooming Glove,,https://www.arielpremium.com/product/WHO-BR22
3,WHO-CR22,Circlet Rope Ring & Ball Pet Toy,,https://www.arielpremium.com/product/WHO-CR22
3,WHO-PC20,Pooch Pack Clean Up Kit (includes 0.5 oz Sanitizer),,https://www.arielpremium.com/product/WHO-PC20
3,WHO-PP20,Pop 'N Prop Bottle Opener With Phone Stand,,https://www.arielpremium.com/product/WHO-PP20
3,WHO-SF20,Safora 13 oz Vacuum Insulated Food Canister,,https://www.arielpremium.com/product/WHO-SF20
3,WHO-SS19,Sip 'N Slide Telescoping Straw With Cleaning Brush,,https://www.arielpremium.com/product/WHO-SS19
3,WHO-TM22,Tomme Cheese Knife Set,,https://www.arielpremium.com/product/WHO-TM22
3,WKA-FB23,Bamboo Cutting Board,,https://www.arielpremium.com/product/WKA-FB23
3,WKA-BM18,Big Munch Lunch Box,,https://www.arielpremium.com/product/WKA-BM18
3,WKA-CB19,Cheers Bottle Opener with Magnet,,https://www.arielpremium.com/product/WKA-CB19
3,WKA-DF23,Double Decker Lunch Box with Bamboo Lid & Utensils,,https://www.arielpremium.com/product/WKA-DF23
3,WKA-EM22,Easy Measure Digital Kitchen Scale with Food Tray,,https://www.arielpremium.com/product/WKA-EM22
3,WKA-NP20,Napoli Pizza Cutter with Bottle Opener,,https://www.arielpremium.com/product/WKA-NP20
3,WKA-PT22,6-In-1 Portable Wheatstraw Tableware Set,,https://www.arielpremium.com/product/WKA-PT22
3,WKA-RM19,Roma Pizza Cutter,,https://www.arielpremium.com/product/WKA-RM19
3,WKA-SC22,Simple Clean Bottle Brush,,https://www.arielpremium.com/product/WKA-SC22
3,WKA-SG22,4-In-1 Sure Grip Opener,,https://www.arielpremium.com/product/WKA-SG22
3,WKA-SS19,Sip 'N Store Reusable Silicone Straw,,https://www.arielpremium.com/product/WKA-SS19
3,WLT-FF19,Flip 'N Flash COB Light and Bottle Opener,,https://www.arielpremium.com/product/WLT-FF19
3,WLT-FL22,Flash Pocket COB Flashlight With Clip & Magnet,,https://www.arielpremium.com/product/WLT-FL22
3,WLT-LT22,Lucent Rechargeable Bike Taillight,,https://www.arielpremium.com/product/WLT-LT22
3,WLT-NL22,Nightline COB and LED Rechargeable Headlamp,,https://www.arielpremium.com/product/WLT-NL22
3,WLT-RL22,Reliant Aluminum Waterproof Flashlight,,https://www.arielpremium.com/product/WLT-RL22
3,WOF-AC22,Accent Dye Sublimated Mouse Pad with Antimicrobial Additive,,https://www.arielpremium.com/product/WOF-AC22
3,WOF-NM22,Nook Memo Cube,,https://www.arielpremium.com/product/WOF-NM22
3,WOF-OW19,Oracle Web Cam Cover,,https://www.arielpremium.com/product/WOF-OW19
3,WOF-PC22,Phellem Cork Journal,,https://www.arielpremium.com/product/WOF-PC22
3,WOF-QU22,Quorum Soft Touch Journal with Matching Color Gel Pen,,https://www.arielpremium.com/product/WOF-QU22
3,WOF-RP22,Reprise RPET Textured Journal With Amazing Stone Paper,,https://www.arielpremium.com/product/WOF-RP22
3,WOF-RV22,Revue RPET Textured Journal,,https://www.arielpremium.com/product/WOF-RV22
3,WOR-BK21,Basketball Fiberfill Sports Ball,,https://www.arielpremium.com/product/WOR-BK21
3,WOR-BS21,Baseball Fiberfill Sports Ball,,https://www.arielpremium.com/product/WOR-BS21
3,WOR-DT22,Day Tripper Sun Shelter,,https://www.arielpremium.com/product/WOR-DT22
3,WOR-FB21,Football Fiberfill Sports Ball,,https://www.arielpremium.com/product/WOR-FB21
3,WOR-SB22,"Sunburst 16 Inflatable Beach Ball""",,https://www.arielpremium.com/product/WOR-SB22
3,WOR-SC21,Soccer Fiberfill Sports Ball,,https://www.arielpremium.com/product/WOR-SC21
3,WPC-BD22,Boardwalk 30x60 Microfiber Beach Blanket/Towel Full-Color,,https://www.arielpremium.com/product/WPC-BD22
3,WPC-BL22,Big League 15x30 Microfiber Sports Towel: 1-Color,,https://www.arielpremium.com/product/WPC-BL22
3,WPC-BS22,Big League 15x30 Microfiber Sports Towel: Full-Color,,https://www.arielpremium.com/product/WPC-BS22
3,WPC-BW22,Boardwalk 30x60 Microfiber Beach Blanket/Towel: 1-Color,,https://www.arielpremium.com/product/WPC-BW22
3,WPC-DE19,Deluxe Easy-Carry 6 Compartment Pillbox with Alarm,,https://www.arielpremium.com/product/WPC-DE19
3,WPC-DS22,Heavyweight 6x6 DT Microfiber Cleaning Cloth: 1-Color,,https://www.arielpremium.com/product/WPC-DS22
3,WPC-DT22,Heavyweight 6x6 DT Microfiber Cleaning Cloth: Full-Color,,https://www.arielpremium.com/product/WPC-DT22
3,WPC-EC19,Easy-Carry 6 Compartment Pillbox,,https://www.arielpremium.com/product/WPC-EC19
3,WPC-FS22,Frosty 12x36 Microfiber Cooling Towel: Full-Color,,https://www.arielpremium.com/product/WPC-FS22
3,WPC-FY22,Frosty 12x36 Microfiber Cooling Towel: 1-Color,,https://www.arielpremium.com/product/WPC-FY22
3,WPC-IC19,Impulse Cooling Headband,,https://www.arielpremium.com/product/WPC-IC19
3,WPC-IL22,Microfiber Ice Arm Sleeves - L/XL,,https://www.arielpremium.com/product/WPC-IL22
3,WPC-IM22,Microfiber Ice Arm Sleeves - M/L,,https://www.arielpremium.com/product/WPC-IM22
3,WPC-IS22,Microfiber Ice Arm Sleeves - S/M,,https://www.arielpremium.com/product/WPC-IS22
3,WPC-PM22,Premium 6x6 Microfiber Cloth: Full-Color,,https://www.arielpremium.com/product/WPC-PM22
3,WPC-SD22,Suede 10x10 Microfiber Cleaning Cloth: Full-color,,https://www.arielpremium.com/product/WPC-SD22
3,WPC-ST22,Soft-Touch 6x6 Microfiber Cleaning Cloth,,https://www.arielpremium.com/product/WPC-ST22
3,WPC-SU22,Suede 10x10 Microfiber Cleaning Cloth: 1-Color,,https://www.arielpremium.com/product/WPC-SU22
3,WPC-TB22,Tablet 11x7 Microfiber Cleaning Cloth: 1-Color,,https://www.arielpremium.com/product/WPC-TB22
3,WPC-TD22,Tablet 11x7 Microfiber Cleaning Cloth: Full-Color,,https://www.arielpremium.com/product/WPC-TD22
3,WPC-VS22,Vista Blue Light Blocking Computer Glasses,,https://www.arielpremium.com/product/WPC-VS22
3,WPH-AR19,Aspen Phone Ring and Car Vent Mount,,https://www.arielpremium.com/product/WPH-AR19
3,WPH-AW19,Aspen Phone Wallet with Finger Ring and Car Vent Mount,,https://www.arielpremium.com/product/WPH-AW19
3,WSA-LT20,Lille Travel Kit,,https://www.arielpremium.com/product/WSA-LT20
3,WSF-DE19,Dynamo Exercise Band,,https://www.arielpremium.com/product/WSF-DE19
3,WSF-EG22,Easy Glide Fitness Discs,,https://www.arielpremium.com/product/WSF-EG22
3,WTE-AP20,Apex Phone Ring and Stand,,https://www.arielpremium.com/product/WTE-AP20
3,WTE-DP20,Deluxe Porta Power Digital Organizer,,https://www.arielpremium.com/product/WTE-DP20
3,WTE-EA22,Easel Adjustable Phone Stand,,https://www.arielpremium.com/product/WTE-EA22
3,WTE-EC20,Easy-Wipe 3.4 oz Cleaning Spray and Cloth,,https://www.arielpremium.com/product/WTE-EC20
3,WTE-EW20,Easy-Wear Earbud/Glasses Holder,,https://www.arielpremium.com/product/WTE-EW20
3,WTE-SC20,Sierra Card Holder and Phone Stand,,https://www.arielpremium.com/product/WTE-SC20
3,WTE-TS20,Tangent Swivel Phone Stand,,https://www.arielpremium.com/product/WTE-TS20
3,WTE-WG20,Wrap 'N Go Cable Organizer,,https://www.arielpremium.com/product/WTE-WG20
3,WTT-CB22,Carbon 6-Bit Screwdriver Set,,https://www.arielpremium.com/product/WTT-CB22
3,WTT-MG18,Magnum 4-in-1 Bottle Opener,,https://www.arielpremium.com/product/WTT-MG18
3,WTV-CH22,Cheshire Vented Auto-Open Golf Umbrella,,https://www.arielpremium.com/product/WTV-CH22
3,WTV-HR21,"Horizon 44 Arc Auto Open and Close Portable Umbrella""",,https://www.arielpremium.com/product/WTV-HR21
3,WTV-MB22,Mini Breeze Rechargeable Hand Fan,,https://www.arielpremium.com/product/WTV-MB22
3,WTV-PS22,Parkside Auto-Open Umbrella with Contrasting Color Frame,,https://www.arielpremium.com/product/WTV-PS22
3,WTV-SC22,Stay Cool Spray Bottle & Fan,,https://www.arielpremium.com/product/WTV-SC22
3,WTV-ST23,Fold 'N Go Adjustable Seat Cushion,,https://www.arielpremium.com/product/WTV-ST23
3,WTV-PB22,Power Breeze Rechargeable Mini Fan,,https://www.arielpremium.com/product/WTV-PB22
3,WTE-SW23,Swab Microfiber Earbud & Screen Cleaner with Key Ring,,https://www.arielpremium.com/product/WTE-SW23
3,WTE-BP22,Bamboo Portable Phone Stand,,https://www.arielpremium.com/product/WTE-BP22
3,WTE-BB22,Bamboo Bloc Phone Stand,,https://www.arielpremium.com/product/WTE-BB22
3,WSF-GS22,Sport and Fitness Gift Set,,https://www.arielpremium.com/product/WSF-GS22
3,WSB-CT23,SENSO Classic Travel Cooler Bag,,https://www.arielpremium.com/product/WSB-CT23
3,WPC-WG23,Westgate Recycled Polycarbonate UV400 Sunglasses,,https://www.arielpremium.com/product/WPC-WG23
3,WPC-TV23,Twin View Compact Mirror,,https://www.arielpremium.com/product/WPC-TV23
3,WPC-SS23,"Seaside Full-Color 30 x 60"" Waffle Microfiber Beach Towel""",,https://www.arielpremium.com/product/WPC-SS23
3,WPC-SD23,Seaside 30x60 Waffle Microfiber Beach Towel,,https://www.arielpremium.com/product/WPC-SD23
3,WPC-SB23,Sable Microfiber Drawstring Pouch,,https://www.arielpremium.com/product/WPC-SB23
3,WPC-QT22,"Quick Clean 5 x 7-1/8"" Dual Sided Microfiber Cloth : Full Color""",,https://www.arielpremium.com/product/WPC-QT22
3,WPC-GI23,"Gridiron 12 x 32"" Waffle Microfiber Sports Towel""",,https://www.arielpremium.com/product/WPC-GI23
3,WPC-GD23,"Gridiron Full-Color 12 x 32"" Waffle Microfiber Sports Towel""",,https://www.arielpremium.com/product/WPC-GD23
3,WPC-BB23,Bamboo Recycled Polycarbonate UV400 Sunglasses,,https://www.arielpremium.com/product/WPC-BB23
3,WOR-SU23,Sundance RPET Knit Beanie,,https://www.arielpremium.com/product/WOR-SU23
3,WOR-GS22,Outdoor Light and Bag Gift Set,,https://www.arielpremium.com/product/WOR-GS22
3,WOR-GL23,Gallery Folding Chair with Carrying Bag (Holds 225 lbs),,https://www.arielpremium.com/product/WOR-GL23
3,WOR-FV23,Farview Roll Up Cuff RPET Knit Beanie,,https://www.arielpremium.com/product/WOR-FV23
3,WOR-FS23,Fireside Sherpa & Flannel Blanket,,https://www.arielpremium.com/product/WOR-FS23
3,WOF-FS23,Bamboo Sticky Note Dispenser with Phone Holder,,https://www.arielpremium.com/product/WOF-FS23
3,WOF-DO22,Bamboo Desk Organizer with 5W Wireless Charger,,https://www.arielpremium.com/product/WOF-DO22
3,WLT-ST23,Starlight Rechargeable LED Headlamp,,https://www.arielpremium.com/product/WLT-ST23
3,WLT-SP22,Spider LED Aluminum and Silicone Keylight,,https://www.arielpremium.com/product/WLT-SP22
3,WLT-RC23,Retro Combo Pop Up COB Lantern and LED Flashlight,,https://www.arielpremium.com/product/WLT-RC23
3,WLT-NV22,Nova Adjustable Desk Lamp with 15W Wireless Charger,,https://www.arielpremium.com/product/WLT-NV22
3,WLT-LY23,Lyra Rechargeable COB Worklight and LED Flashlight,,https://www.arielpremium.com/product/WLT-LY23
3,WLT-GS22,Bike Light Gift Set,,https://www.arielpremium.com/product/WLT-GS22
3,WLT-FR22,Flare Rechargeable Front Bike Light,,https://www.arielpremium.com/product/WLT-FR22
3,WLT-BT23,Baton COB and LED Flashlight with Magnetic Base,,https://www.arielpremium.com/product/WLT-BT23
3,WLT-BR22,Broadway Clip-On Ring Light,,https://www.arielpremium.com/product/WLT-BR22
3,WLT-BL22,Beam Rechargeable Pocket COB Light With Clip & Magnet,,https://www.arielpremium.com/product/WLT-BL22
3,WKA-RW23,Redwood 10-piece Stainless Steel BBQ Set with Carrying Bag,,https://www.arielpremium.com/product/WKA-RW23
3,WKA-BM23,Bamboo/Marble Combo Coaster,,https://www.arielpremium.com/product/WKA-BM23
3,WKA-BC23,Bamboo 4-Piece Coaster Set,,https://www.arielpremium.com/product/WKA-BC23
3,WHO-PC22,Prim Dual Action Pet Comb,,https://www.arielpremium.com/product/WHO-PC22
3,WHO-FG23,Feed 'N Go Collapsible Pet Bowl with Carabiner,,https://www.arielpremium.com/product/WHO-FG23
3,WHO-DB22,Daybreak Digital Alarm Clock with Sunrise Simulation,,https://www.arielpremium.com/product/WHO-DB22
3,WHF-NS22,Square Nylon-Covered Hot/Cold Pack,,https://www.arielpremium.com/product/WHF-NS22
3,WHF-NR22,Round Nylon-Covered Hot/Cold Pack,,https://www.arielpremium.com/product/WHF-NR22
3,WHF-NL22,Rectangle Nylon-Covered Hot/Cold Pack,,https://www.arielpremium.com/product/WHF-NL22
3,WHF-NH22,Heart Nylon-Covered Hot/Cold Pack,,https://www.arielpremium.com/product/WHF-NH22
3,WHF-GS22,Sleep and Beauty Gift Set,,https://www.arielpremium.com/product/WHF-GS22
3,WHF-BQ22,Bouquet Scented Satin Sleep Mask,,https://www.arielpremium.com/product/WHF-BQ22
3,WGA-PB22,Push Pop Bounce Ball,,https://www.arielpremium.com/product/WGA-PB22
3,WCP-FS23,Flipstik 2.0 Hands-Free Sticky Phone Stand,,https://www.arielpremium.com/product/WCP-FS23
3,WBA-WD23,Woodland Cooler Backpack,,https://www.arielpremium.com/product/WBA-WD23
3,WBA-SP22,Stash Pocket Sport Belt,,https://www.arielpremium.com/product/WBA-SP22
3,WBA-OT23,Orion 10 oz 50/50 Recycled Cotton Tote,,https://www.arielpremium.com/product/WBA-OT23
3,WBA-OR23,Orion 5 oz 50/50 Recycled Cotton Drawstring Backpack,,https://www.arielpremium.com/product/WBA-OR23
3,WBA-FC23,Fieldcrest Cooler Backpack with Folding Stool,,https://www.arielpremium.com/product/WBA-FC23
3,WBA-DB23,Diamondback Travel Duffel,,https://www.arielpremium.com/product/WBA-DB23
3,WBA-CY23,Carry-All Toiletry Bag,,https://www.arielpremium.com/product/WBA-CY23
3,WBA-CN23,Carnival RPET Cooler Tote,,https://www.arielpremium.com/product/WBA-CN23
3,SWI-SF22,Safety First Worker Stress Buster,,https://www.arielpremium.com/product/SWI-SF22
3,SWI-GS22,Stress Busters: 3-Pack Mix/Match Gift Set,,https://www.arielpremium.com/product/SWI-GS22
3,SPE-CT23,Cat Stress Buster,,https://www.arielpremium.com/product/SPE-CT23
3,SGS-HR23,Heart Stress Buster,,https://www.arielpremium.com/product/SGS-HR23
3,SFV-CC23,Cactus Stress Buster,,https://www.arielpremium.com/product/SFV-CC23
3,SAN-LN23,Lion Stress Buster,,https://www.arielpremium.com/product/SAN-LN23
3,SAN-LB23,Ladybug Stress Buster,,https://www.arielpremium.com/product/SAN-LB23
3,SAN-BE23,Bumble Bee Stress Buster,,https://www.arielpremium.com/product/SAN-BE23
3,SAF-PB22,Piggy Bank Stress Buster,,https://www.arielpremium.com/product/SAF-PB22
3,ESP-EN22,Encore Waterproof Wireless Speaker,,https://www.arielpremium.com/product/ESP-EN22
3,ESP-EM22,Empire Bamboo Wireless Speaker with 5W Wireless Charger,,https://www.arielpremium.com/product/ESP-EM22
3,ESP-CB22,Cobalt Light-Up Wireless Speaker,,https://www.arielpremium.com/product/ESP-CB22
3,ESP-AR22,Archway Wireless Speaker with 5W Wireless Charger and Touch Light,,https://www.arielpremium.com/product/ESP-AR22
3,EPB-FB23,Bamboo Dual Port Power Bank with Wireless Charger 10000mAh,,https://www.arielpremium.com/product/EPB-FB23
3,EPB-AR22,Arc 5000mAh Power Bank with Magnetic Wireless Charger,,https://www.arielpremium.com/product/EPB-AR22
3,EPB-AM22,Arc 10000mAh Power Bank with Magnetic Wireless Charger,,https://www.arielpremium.com/product/EPB-AM22
3,EMA-CD22,Concord Handheld Massage Gun,,https://www.arielpremium.com/product/EMA-CD22
3,EHE-TR22,Touring TWS Earbuds,,https://www.arielpremium.com/product/EHE-TR22
3,EAC-TV22,Traverse 3-in-1 Charging Cable,,https://www.arielpremium.com/product/EAC-TV22
3,EAC-TP22,Triplet 3-in-1 Charging Cable with Screen Cleaner,,https://www.arielpremium.com/product/EAC-TP22
3,EAC-PR22,Power Ring 15W Wirelesss Charger with Ambient Light,,https://www.arielpremium.com/product/EAC-PR22
3,EAC-MY22,Mystic Alarm Clock with Wireless Speaker & Wireless Charger,,https://www.arielpremium.com/product/EAC-MY22
3,EAC-MW22,Magport 15W Magnetic Wireless Charging Pad,,https://www.arielpremium.com/product/EAC-MW22
3,EAC-MP22,MagPort Magnetic Wireless Charging Stand with Additional 5W Base Charge,,https://www.arielpremium.com/product/EAC-MP22
3,EAC-GS22,Power Delivery Charging Gift Set,,https://www.arielpremium.com/product/EAC-GS22
3,EAC-BM22,Magport Bamboo 15W Wireless Charger,,https://www.arielpremium.com/product/EAC-BM22
3,EAC-AS22,Aspire Mouse Pad with 15W Wireless Charger,,https://www.arielpremium.com/product/EAC-AS22
3,DWA-ZA22,Zara 14 oz Stainless Steel/Polypro Mug,,https://www.arielpremium.com/product/DWA-ZA22
3,DWA-VL22,Valera 15 oz Ceramic Mug,,https://www.arielpremium.com/product/DWA-VL22
3,DWA-MT22,Monticello 17 oz Ceramic Mug,,https://www.arielpremium.com/product/DWA-MT22
3,DWA-ML22,Milan 10 oz Ceramic Tumbler with Bamboo Lid,,https://www.arielpremium.com/product/DWA-ML22
3,DWA-MA22,Maroni 28 oz Vacuum Insulated Stainless Steel Mug,,https://www.arielpremium.com/product/DWA-MA22
3,DWA-GR22,Greco 28 oz Vacuum Insulated Stainless Steel Tumbler,,https://www.arielpremium.com/product/DWA-GR22
3,DWA-FG22,Forge 15 oz Ceramic Mug,,https://www.arielpremium.com/product/DWA-FG22
3,DWA-FA22,Fiera 12 oz Ceramic Mug with Silicone Sleeve,,https://www.arielpremium.com/product/DWA-FA22
3,DWA-CU22,Cusano 22 oz Vacuum Insulated Stainless Steel Bottle with Bamboo Cap,,https://www.arielpremium.com/product/DWA-CU22
3,DWA-BS22,Balsamo 12 oz Ceramic Mug with Cork Base,,https://www.arielpremium.com/product/DWA-BS22
3,DWA-BL22,Bellaria 15 oz Ceramic Mug with Wood Lid,,https://www.arielpremium.com/product/DWA-BL22
3,DWA-BA22,Barona 20 oz Vacuum Insulated Stainless Steel Bottle,,https://www.arielpremium.com/product/DWA-BA22
3,DWA-AD22,Adriano 12 oz Double-wall Ceramic Tumbler with Wood Lid,,https://www.arielpremium.com/product/DWA-AD22
3,DTM-OX23,Oxford 16 oz Stainless Steel/Polypropylene Tumbler with Straw,,https://www.arielpremium.com/product/DTM-OX23
3,DTM-GS22,Cadet 9 oz Tumbler 2-Piece Gift Set,,https://www.arielpremium.com/product/DTM-GS22
3,DSB-GS22,Senso Classic Wine Tumbler 2-Piece Gift Set,,https://www.arielpremium.com/product/DSB-GS22
3,DSB-EG22,SENSO Ergo-Grip 16 oz Vacuum Insulated Stainless Steel Tumbler,,https://www.arielpremium.com/product/DSB-EG22
3,DSB-CW22,SENSO Classic 10 oz Vacuum Insulated Stainless Steel Wine Tumbler,,https://www.arielpremium.com/product/DSB-CW22
3,DNT-NE22,NAYAD Neo 16 oz Coffee Grounds/Recycled Polypropylene Tumbler,,https://www.arielpremium.com/product/DNT-NE22
3,DNT-IN22,NAYAD Infinity 14 oz Coffee Grounds/Recycled Polypropylene Tumbler,,https://www.arielpremium.com/product/DNT-IN22
3,DNB-VV22,NAYAD Vive 23 oz Stainless Double Wall Bottle,,https://www.arielpremium.com/product/DNB-VV22
3,DNB-VL22,NAYAD Vive 27 oz Tritan Bottle,,https://www.arielpremium.com/product/DNB-VL22
3,DNB-VG22,NAYAD Voyager 84 oz Tritan Jug with Silicone Bumper,,https://www.arielpremium.com/product/DNB-VG22
3,DNB-TX22,NAYAD Traveler 64 oz Stainless Double-wall Bottle with Twist-Top Spout,,https://www.arielpremium.com/product/DNB-TX22
3,DMU-MT22,Mitre 20 oz Vacuum Insulated Stainless Steel Mug,,https://www.arielpremium.com/product/DMU-MT22
3,DBT-TN23,Titan 64 oz Vacuum Insulated Stainless Steel Jug,,https://www.arielpremium.com/product/DBT-TN23
3,DBT-PU23,Puebla 26 oz RPET Bottle,,https://www.arielpremium.com/product/DBT-PU23
3,DBT-DN23,Dante 20 oz Vacuum Insulated Bottle with Carabiner Lid,,https://www.arielpremium.com/product/DBT-DN23
3,BES-CC22,BeWell Cozy Comfort Socks,,https://www.arielpremium.com/product/BES-CC22
3,BEM-SY23,BeWell Serenity Full-Coverage Satin Sleep Mask,,https://www.arielpremium.com/product/BEM-SY23
3,ALB-WD22,AeroLOFT Jet Black Weekender Duffel,,https://www.arielpremium.com/product/ALB-WD22
3,ALB-TO22,AeroLOFT Jet Black Tech Organizer Mesh Pouch,,https://www.arielpremium.com/product/ALB-TO22
3,ALB-TK22,AeroLOFT Jet Black Toiletry Kit,,https://www.arielpremium.com/product/ALB-TK22
3,ALB-SO22,AeroLOFT Jet Black Safety Organizer Neck Wallet,,https://www.arielpremium.com/product/ALB-SO22
3,ALB-SK22,AeroLOFT Stash Key Wallet,,https://www.arielpremium.com/product/ALB-SK22
3,ALB-PO22,AeroLOFT Jet Black 4-Pocket Zip Organizer,,https://www.arielpremium.com/product/ALB-PO22
3,ALB-AB22,AeroLOFT Anywhere Belt Bag,,https://www.arielpremium.com/product/ALB-AB22
3,ESP-RV22,Rave Light-Up Stereo Wireless Speaker,,https://www.arielpremium.com/product/ESP-RV22
3,DMU-MX23,Maxim 40 oz Insulated Mug with Straw,,https://www.arielpremium.com/product/DMU-MX23
3,ALB-BB23,AeroLOFT Business First Backpack,,https://www.arielpremium.com/product/ALB-BB23
3,WOR-SB23,Summer Breeze Portable Hammock,,https://www.arielpremium.com/product/WOR-SB23
3,WWA-DT23,Diamond Clear TPU See-Through Tote Bag 12x12x5,,https://www.arielpremium.com/product/WWA-DT23
3,WWA-DV23,Diamond Clear TPU See-Through Travel Toiletry Bag 8x4x4,,https://www.arielpremium.com/product/WWA-DV23
3,WWA-DW23,Diamond Clear TPU See-Through Drawstring Backpack 14x18,,https://www.arielpremium.com/product/WWA-DW23
3,WWA-DZ23,Diamond Clear TPU See-Through Zippered Tote 18x14x4,,https://www.arielpremium.com/product/WWA-DZ23
3,WWA-DK23,Diamond Clear TPU See-Through Backpack 12x16x5,,https://www.arielpremium.com/product/WWA-DK23
3,WWA-DL23,Diamond Clear TPU See-Through Belt Bag,,https://www.arielpremium.com/product/WWA-DL23
3,WWA-DM23,Diamond Clear TPU See-Through Messenger Bag 10x11x4,,https://www.arielpremium.com/product/WWA-DM23
3,WWA-DS23,Diamond Clear TPU See-Through Satchel 9x10,,https://www.arielpremium.com/product/WWA-DS23
3,WTV-QB23,Quiet Breeze Rechargeable Hand Fan with Carabiner,,https://www.arielpremium.com/product/WTV-QB23
3,WTV-CH23,Chamber Compact Emergency Sleeping Bag with Carrying Pouch,,https://www.arielpremium.com/product/WTV-CH23
3,WTT-HY23,Handyman 4-Piece Mini Screwdriver Set,,https://www.arielpremium.com/product/WTT-HY23
3,WTT-AS23,Assay 3FT Tape Measure with Light,,https://www.arielpremium.com/product/WTT-AS23
3,WSB-ST23,SENSO Smart Tech Cooler Bag 13x10x8,,https://www.arielpremium.com/product/WSB-ST23
3,WPC-SP23,Sandpiper 30x60 Striped Microfiber Beach Towel with Net Carrying Pouch,,https://www.arielpremium.com/product/WPC-SP23
3,WPC-MC23,Microfiber 6x6 220GSM Cleaning Cloth in Clear PVC Case,,https://www.arielpremium.com/product/WPC-MC23
3,WPC-FW23,Fairway 15x30 Striped Microfiber Sports Towel with Carrying Pouch,,https://www.arielpremium.com/product/WPC-FW23
3,WOR-PD23,Pinnacle Dye Sublimated RPET Polar Fleece Blanket 50x60,,https://www.arielpremium.com/product/WOR-PD23
3,WOR-PN23,Pinnacle RPET Polar Fleece Blanket 50x60,,https://www.arielpremium.com/product/WOR-PN23
3,WOF-VQ23,Vaquero Recycled Leather Journal 5x8,,https://www.arielpremium.com/product/WOF-VQ23
3,WOF-ST23,Symposium Textured Journal with Pen 5x8,,https://www.arielpremium.com/product/WOF-ST23
3,WOF-SP23,Spectrum Hard Cover Journal 5x7,,https://www.arielpremium.com/product/WOF-SP23
3,WOF-SC23,Seminar Soft-Cover Journal with Pen 6x8,,https://www.arielpremium.com/product/WOF-SC23
3,WOF-JF23,Jot 'N Plot FSC Eco-Friendly Organizer Notebook,,https://www.arielpremium.com/product/WOF-JF23
3,WOF-DS23,Dossier Soft Cover Journal 6x8,,https://www.arielpremium.com/product/WOF-DS23
3,WOF-FS23,FSC Bamboo Sticky Note Dispenser with Phone Holder,,https://www.arielpremium.com/product/WOF-FS23
3,WOF-CR23,Conclave Refillable Leatherette Journal with Pen 5x8,,https://www.arielpremium.com/product/WOF-CR23
3,WOF-CQ23,Clique Ribbed Journal 5x8,,https://www.arielpremium.com/product/WOF-CQ23
3,WOF-AX23,Axion Mouse Pad 9x7.5,,https://www.arielpremium.com/product/WOF-AX23
3,WLT-NS23,Northstar COB Light with Magnet & Stand,,https://www.arielpremium.com/product/WLT-NS23
3,WKA-RH23,Roadhouse Cooking & BBQ Digital Thermometer,,https://www.arielpremium.com/product/WKA-RH23
3,WKA-DF23,Double Decker Lunch Box with FSC Bamboo Lid & Utensils,,https://www.arielpremium.com/product/WKA-DF23
3,WKA-FB23,FSC Bamboo Cutting Board,,https://www.arielpremium.com/product/WKA-FB23
3,WHO-TF23,Toss 'N Fetch Silicone Flyer,,https://www.arielpremium.com/product/WHO-TF23
3,WHO-TP23,Tug 'N Play Ball & Rope Dog Toy,,https://www.arielpremium.com/product/WHO-TP23
3,WHO-SF23,Stay Fresh Silicone Can Lid,,https://www.arielpremium.com/product/WHO-SF23
3,WHO-EG23,Easy-Grip Silicone Jar Opener & Coaster,,https://www.arielpremium.com/product/WHO-EG23
3,WCP-MP23,Magport Phone Wallet & Stand,,https://www.arielpremium.com/product/WCP-MP23
3,WCP-FP23,Flipstik 3.0 Hands-Free Sticky Phone Stand - 1 Color,,https://www.arielpremium.com/product/WCP-FP23
3,WBA-VY23,Voyage Waterproof Phone Pouch,,https://www.arielpremium.com/product/WBA-VY23
3,WBA-SL23,Sloop RPET Canvas Drawstring Backpack Tote 13x16,,https://www.arielpremium.com/product/WBA-SL23
3,WBA-RM23,Pioneer Cooler Bag & Convertible Table Mat,,https://www.arielpremium.com/product/WBA-RM23
3,WBA-SC23,Schooner RPET Canvas Lunch Tote 10x11x6,,https://www.arielpremium.com/product/WBA-SC23
3,WBA-QU23,Quantum Urban Backpack 14x20x5,,https://www.arielpremium.com/product/WBA-QU23
3,WBA-PF23,Pathfinder Insulated Cooler Backpack 15x17x6,,https://www.arielpremium.com/product/WBA-PF23
3,WBA-PL23,Plaid Insulated Cooler Bag 16x12x7,,https://www.arielpremium.com/product/WBA-PL23
3,WBA-JM23,Jamboree Insulated Hard Frame Picnic Basket,,https://www.arielpremium.com/product/WBA-JM23
3,WBA-CT23,Carina RPET & Cork Tote Bag 13x15,,https://www.arielpremium.com/product/WBA-CT23
3,WBA-CU23,Cutter RPET Canvas Tote Bag 21x14x6,,https://www.arielpremium.com/product/WBA-CU23
3,WBA-CS23,"Chalet Neoprene Sleeve for 14 Laptops""",,https://www.arielpremium.com/product/WBA-CS23
3,WBA-CH23,"Chalet Neoprene Sleeve for 15.6 Laptops""",,https://www.arielpremium.com/product/WBA-CH23
3,WBA-CL23,Clipper RPET Canvas Duffel,,https://www.arielpremium.com/product/WBA-CL23
3,WBA-CC23,Carina RPET & Cork Insulated Cooler Bag,,https://www.arielpremium.com/product/WBA-CC23
3,WBA-CD23,Carina RPET & Cork Drawstring Backpack,,https://www.arielpremium.com/product/WBA-CD23
3,WBA-BL23,Bellerive Roll Top Backpack,,https://www.arielpremium.com/product/WBA-BL23
3,WBA-AT23,Atlas Belt Bag,,https://www.arielpremium.com/product/WBA-AT23
3,WAA-ST34,Silk Touch Sherpa Blanket 50x60 420GSM - Full Color,,https://www.arielpremium.com/product/WAA-ST34
3,WAA-RT31,Terry Microfiber Rally Towel 11x18 - Full Color,,https://www.arielpremium.com/product/WAA-RT31
3,WAA-RT32,Terry Microfiber Rally Towel 15x18 - Full Color,,https://www.arielpremium.com/product/WAA-RT32
3,WAA-SB31,Cotton Feel Swaddle Blanket 42x42 200GSM Poly/Spandex - Full Color,,https://www.arielpremium.com/product/WAA-SB31
3,WAA-ST31,Silk Touch Blanket 30x40 300GSM Polyester - Full Color,,https://www.arielpremium.com/product/WAA-ST31
3,WAA-ST32,Silk Touch Blanket 50x60 300GSM Polyester - Full Color,,https://www.arielpremium.com/product/WAA-ST32
3,WAA-ST33,Silk Touch Blanket 60x80 300GSM Polyester - Full Color,,https://www.arielpremium.com/product/WAA-ST33
3,WAA-MS33,Micro-Mink Sherpa Plush Blanket 60x80 430GSM - Full Color,,https://www.arielpremium.com/product/WAA-MS33
3,WAA-PF31,Polar Fleece Blanket 30x40 300GSM - Full Color,,https://www.arielpremium.com/product/WAA-PF31
3,WAA-PF32,Polar Fleece Blanket 50x60 300GSM - Full Color,,https://www.arielpremium.com/product/WAA-PF32
3,WAA-PF33,Polar Fleece Blanket 60x80 300GSM - Full Color,,https://www.arielpremium.com/product/WAA-PF33
3,WAA-PW32,"Poly Micro-Peach Pillow Case 20x30, 110 GSM - Full Color",,https://www.arielpremium.com/product/WAA-PW32
3,WAA-RG31,Non-Skid Indoor Rug 19x31 - Full Color,,https://www.arielpremium.com/product/WAA-RG31
3,WAA-BT35,Silk Touch Beach Blanket/Towel 28x58 300GSM Poly/Cotton - Full Color,,https://www.arielpremium.com/product/WAA-BT35
3,WAA-FG31,Polyester Poplin Garden Flag 17x12 220GSM Full Color on one side,,https://www.arielpremium.com/product/WAA-FG31
3,WAA-FG32,Polyester Poplin Garden Flag 17x12 220GSM Full Color on two sides,,https://www.arielpremium.com/product/WAA-FG32
3,WAA-FW31,Fringed Woven Tapestry 50x60 500GSM Full Color,,https://www.arielpremium.com/product/WAA-FW31
3,WAA-MP31,Micro-Plush Picnic Blanket with Carry Strap 50x60 410GSM-Full Color,,https://www.arielpremium.com/product/WAA-MP31
3,WAA-MS31,Micro-Mink Sherpa Plush Blanket 30x40 430GSM - Full Color,,https://www.arielpremium.com/product/WAA-MS31
3,WAA-MS32,Micro-Mink Sherpa Plush Blanket 50x60 430GSM - Full Color,,https://www.arielpremium.com/product/WAA-MS32
3,WAA-BA31,Poly Micro-Peach Bandana 21x21 - Full Color,,https://www.arielpremium.com/product/WAA-BA31
3,WAA-BB31,Silk Touch Baby Bib 10x13 360GSM Poly/Cotton - Full Color,,https://www.arielpremium.com/product/WAA-BB31
3,WAA-BT31,Silk Touch Beach Blanket/Towel 30x60 360GSM Poly/Cotton - Full Color,,https://www.arielpremium.com/product/WAA-BT31
3,WAA-BT32,Silk Touch Beach Blanket/Towel 30x60 450GSM Poly/Cotton-Full Color,,https://www.arielpremium.com/product/WAA-BT32
3,WAA-BT33,Silk Touch Beach Blanket/Towel 35x60 400GSM Poly/Cotton - Full Color,,https://www.arielpremium.com/product/WAA-BT33
3,WAA-BT34,Silk Touch Beach Blanket/Towel 35x70 400GSM Poly/Cotton - Full Color,,https://www.arielpremium.com/product/WAA-BT34
3,SWI-GF24,Golfer Stress Buster,,https://www.arielpremium.com/product/SWI-GF24
3,SNA-EB24,Earth Stress Buster,,https://www.arielpremium.com/product/SNA-EB24
3,SPA-US24,USA Flag Stress Buster,,https://www.arielpremium.com/product/SPA-US24
3,SFR-PC24,Peach Stress Buster,,https://www.arielpremium.com/product/SFR-PC24
3,SFR-SW24,Strawberry Stress Buster,,https://www.arielpremium.com/product/SFR-SW24
3,SAN-PA24,Panda Stress Buster,,https://www.arielpremium.com/product/SAN-PA24
3,SAN-UN24,Unicorn Stress Buster,,https://www.arielpremium.com/product/SAN-UN24
3,SCH-CF24,Chef Stress Buster,,https://www.arielpremium.com/product/SCH-CF24
3,SCH-PO24,Poop Emoji Stress Buster,,https://www.arielpremium.com/product/SCH-PO24
3,SAN-BR24,Polar Bear Stress Buster,,https://www.arielpremium.com/product/SAN-BR24
3,SAA-PE24,Penguin Stress Buster,,https://www.arielpremium.com/product/SAA-PE24
3,SAA-WH24,Whale Stress Buster,,https://www.arielpremium.com/product/SAA-WH24
3,PAL-SL24,Comfort Pals Sloth 2-in-1 Pillow Sleep Mask,,https://www.arielpremium.com/product/PAL-SL24
3,SAA-BF24,Blowfish Stress Buster,,https://www.arielpremium.com/product/SAA-BF24
3,SAA-GT24,Gator Stress Buster,,https://www.arielpremium.com/product/SAA-GT24
3,PAL-HE24,Comfort Pals Heat Therapy Eye Pillow,,https://www.arielpremium.com/product/PAL-HE24
3,PAL-HH24,Comfort Pals Heat Therapy Heart,,https://www.arielpremium.com/product/PAL-HH24
3,PAL-HN24,Comfort Pals Heat Therapy Neck Wrap,,https://www.arielpremium.com/product/PAL-HN24
3,PAL-HS24,"Comfort Pals Heat Therapy Snuggle"" Bear""",,https://www.arielpremium.com/product/PAL-HS24
3,PAL-PG24,Comfort Pals Huggable Comfort Pillow - Penguin,,https://www.arielpremium.com/product/PAL-PG24
3,PAL-SK24,Comfort Pals Shark 2-in-1 Pillow Sleep Mask,,https://www.arielpremium.com/product/PAL-SK24
3,PAL-BR24,Comfort Pals Bear 2-in-1 Pillow Sleep Mask,,https://www.arielpremium.com/product/PAL-BR24
3,PAL-CO24,Comfort Pals Cookie 2-in-1 Pillow Sleep Mask,,https://www.arielpremium.com/product/PAL-CO24
3,PAL-CT24,Comfort Pals Cat 2-in-1 Pillow Sleep Mask,,https://www.arielpremium.com/product/PAL-CT24
3,PAL-CW24,Comfort Pals Cow 2-in-1 Pillow Sleep Mask,,https://www.arielpremium.com/product/PAL-CW24
3,PAL-HC24,Comfort Pals Heat Therapy Cuddle Bear,,https://www.arielpremium.com/product/PAL-HC24
3,LGS-PP23,Poop Emoji Stress Reliever,,https://www.arielpremium.com/product/LGS-PP23
3,LGB-GM23,Gel Man Stress Reliever,,https://www.arielpremium.com/product/LGB-GM23
3,LGB-SP23,Squeeze & POP! Stress Ball,,https://www.arielpremium.com/product/LGB-SP23
3,ESP-TE23,Tenor Water Resistant Speaker,,https://www.arielpremium.com/product/ESP-TE23
3,ESP-OV23,Ovation 10W Stereo Speaker Made With FSC Cork & Recycled Plastic,,https://www.arielpremium.com/product/ESP-OV23
3,EPB-TR23,Touring 20000mAh 65W PD Power Bank with Type-C & Dual USB Ports,,https://www.arielpremium.com/product/EPB-TR23
3,EPB-VC23,Viceroy 10000mAh Power Bank,,https://www.arielpremium.com/product/EPB-VC23
3,EPB-FB23,FSC Bamboo 10000mAh Dual Port Power Bank with 10W Wireless Charger,,https://www.arielpremium.com/product/EPB-FB23
3,EPB-FS23,FSC Bamboo 5000mAh Dual Port Power Bank with Wireless Charger,,https://www.arielpremium.com/product/EPB-FS23
3,EPB-MG23,FSC Mahogany 5000mAh Power Bank with 15W Magnetic Wireless Charger,,https://www.arielpremium.com/product/EPB-MG23
3,EPB-BF23,FSC Bamboo 5000mAh Type-C Power Bank,,https://www.arielpremium.com/product/EPB-BF23
3,EAC-ZP23,"Zip 5 Ft. Power Strip with Type-C, USB & AC Outlets",,https://www.arielpremium.com/product/EAC-ZP23
3,EAC-TR23,Trident 15W Wireless Charger Made With FSC Cork & Recycled Plastic,,https://www.arielpremium.com/product/EAC-TR23
3,EAC-PG23,Pegasus Travel Adapter,,https://www.arielpremium.com/product/EAC-PG23
3,EAC-RL23,"Relay 5 Ft. Charging Station with Type-C, USB & AC Outlets",,https://www.arielpremium.com/product/EAC-RL23
3,EAC-FB23,FSC Bamboo Wireless Charger Portable Phone Stand,,https://www.arielpremium.com/product/EAC-FB23
3,EAC-FX23,"Flux Wall Charger & Phone Holder with Type-C, USB & AC Outlets",,https://www.arielpremium.com/product/EAC-FX23
3,EAC-LG23,Legion 3-in-1 Charging Station with Ambient Lamp,,https://www.arielpremium.com/product/EAC-LG23
3,EAC-MA24,Magport Tri-Fold 3-in-1 Wireless Charger,,https://www.arielpremium.com/product/EAC-MA24
3,EAC-BL23,"Bamboo 3-in-1 39 Charging Cable""",,https://www.arielpremium.com/product/EAC-BL23
3,EAC-BS23,"Bamboo 3-in-1 6 Charging Cable""",,https://www.arielpremium.com/product/EAC-BS23
3,EAC-DA23,Dash 20W USB-C PD Fast Charger,,https://www.arielpremium.com/product/EAC-DA23
3,DWA-TO23,Tollara 30 oz Vacuum Insulated Tumbler with Flip Top Spout,,https://www.arielpremium.com/product/DWA-TO23
3,DWA-TU23,Turin 20 oz Vacuum Insulated Bottle with Twist Cap,,https://www.arielpremium.com/product/DWA-TU23
3,DWA-VO23,Volare 27 oz Vacuum Insulated Bottle with Flip Top Spout,,https://www.arielpremium.com/product/DWA-VO23
3,DWA-SI23,Sirena 20 oz Vacuum Insulated Tumbler with Straw,,https://www.arielpremium.com/product/DWA-SI23
3,DWA-SS23,San Siro 24 oz Double-wall Travel Mug,,https://www.arielpremium.com/product/DWA-SS23
3,DWA-FO23,Fortuna 12 oz Double-wall Ceramic Tumbler,,https://www.arielpremium.com/product/DWA-FO23
3,DWA-GE23,Genoa 40 oz Vacuum Insulated Travel Mug with Straw,,https://www.arielpremium.com/product/DWA-GE23
3,DWA-CE23,Cerano 22 oz Vacuum Insulated Tumbler with Cork Base,,https://www.arielpremium.com/product/DWA-CE23
3,DWA-CO23,Cortina 24 oz Vacuum Insulated Travel Mug with Cork Base,,https://www.arielpremium.com/product/DWA-CO23
3,DWA-BR23,Bresso 34 oz Vacuum Insulated Bottle with Twist Top Spout,,https://www.arielpremium.com/product/DWA-BR23
3,DTM-TM23,Tamari 12 oz Glass Tumbler & Vacuum Insulated Can Cooler,,https://www.arielpremium.com/product/DTM-TM23
3,DTM-VX23,Vortex 4-in-1 Stainless Steel Can Cooler,,https://www.arielpremium.com/product/DTM-VX23
3,DSB-SK23,SENSO 17 oz Vacuum Insulated Side-Kick Bottle,,https://www.arielpremium.com/product/DSB-SK23
3,DMU-SA23,Sapora 12 oz Vacuum Insulated Stainless Steel Mug with Cork Base,,https://www.arielpremium.com/product/DMU-SA23
3,DMU-MD23,Medina 30 oz Vacuum Insulated Stainless Steel Mug,,https://www.arielpremium.com/product/DMU-MD23
3,DMU-OC23,Octava 30 oz Stainless Steel/Polypropylene Mug,,https://www.arielpremium.com/product/DMU-OC23
3,DMU-OU23,Outpost 40 oz Stainless Steel/Polypropylene Mug,,https://www.arielpremium.com/product/DMU-OU23
3,DMU-BM22,Bamboo Mug Warmer with 8 oz Ceramic Mug,,https://www.arielpremium.com/product/DMU-BM22
3,DMU-CA23,Caldron 22 oz Enamel-Lined Iron Mug,,https://www.arielpremium.com/product/DMU-CA23
3,CLG-HB24,Comfort Logic Heavenly Support Back Pillow,,https://www.arielpremium.com/product/CLG-HB24
3,CLG-HS24,Comfort Logic Heavenly Seat Cushion,,https://www.arielpremium.com/product/CLG-HS24
3,CLG-LR24,Comfort Logic Lumbar Support Roll Pillow,,https://www.arielpremium.com/product/CLG-LR24
3,CLG-LW24,Comfort Logic Lumbar Support Wedge Pillow,,https://www.arielpremium.com/product/CLG-LW24
3,DBT-AS23,Asbury 24 oz Recycled Aluminum Bottle,,https://www.arielpremium.com/product/DBT-AS23
3,CLG-AS24,Comfort Logic Anywhere Seat Pad,,https://www.arielpremium.com/product/CLG-AS24
3,CLG-EP24,Comfort Logic Everywhere Pillow,,https://www.arielpremium.com/product/CLG-EP24
3,ALB-AL23,AeroLOFT Anywhere Belt Bag - Large,,https://www.arielpremium.com/product/ALB-AL23
3,ALB-BT24,AeroLOFT Business First Tech Organizer,,https://www.arielpremium.com/product/ALB-BT24
3,ALB-CS24,AeroLOFT Crossbody Sling Backpack,,https://www.arielpremium.com/product/ALB-CS24
3,ALB-FS24,AeroLOFT Flex Sport Belt,,https://www.arielpremium.com/product/ALB-FS24
3,ALB-AC24,AeroLOFT Anywhere Belt Bag - Camouflage,,https://www.arielpremium.com/product/ALB-AC24
3,ALC-NL24,AeroLOFT Never Lost Key Finder Tracker Keychain,,https://www.arielpremium.com/product/ALC-NL24
3,DNM-CT24,NAYAD Cortado 16 oz Recycled Coffee Grounds & Polypropylene Mug,,https://www.arielpremium.com/product/DNM-CT24
3,DNT-WA24,NAYAD Wai 12 oz Double-Wall Tumbler,,https://www.arielpremium.com/product/DNT-WA24
3,DSB-DF24,SENSO Venture DuoFlow 30 oz Vacuum Insulated Stainless Tumbler,,https://www.arielpremium.com/product/DSB-DF24
3,DSB-DS24,SENSO Dash 21 oz Vacuum Insulated Stainless Steel Tumbler with Hand Strap,,https://www.arielpremium.com/product/DSB-DS24
3,DSB-SM24,SENSO Summit 40 oz Insulated Stainless Steel Travel Mug with Press-In Straw Lid,,https://www.arielpremium.com/product/DSB-SM24
3,DSB-VT24,SENSO Venture DuoFlow 40 oz Vacuum Insulated Stainless Steel Travel Tumbler,,https://www.arielpremium.com/product/DSB-VT24
3,DTM-BF24,Bradford 24 oz Vacuum Insulated Stainless Steel Tumbler with Straw,,https://www.arielpremium.com/product/DTM-BF24
3,DTM-FE24,Fest 19 oz Vacuum Insulated Stainless Steel Beer Tumbler,,https://www.arielpremium.com/product/DTM-FE24
3,DTM-MB24,Mini Belmont 3 oz Double-Wall Stainless Steel Tumbler with Straw,,https://www.arielpremium.com/product/DTM-MB24
3,DTM-ST24,Stirling 18 oz Glass Tumbler with Silicone Sleeve & PP Straw,,https://www.arielpremium.com/product/DTM-ST24
3,EAC-LU24,15W Lucent Acrylic Light-Up Wireless Charger,,https://www.arielpremium.com/product/EAC-LU24
3,EHE-MD24,Medley TWS Earbuds,,https://www.arielpremium.com/product/EHE-MD24
3,EHE-SN24,Sonoro Dual Microphone Noise Cancelling TWS Earbuds,,https://www.arielpremium.com/product/EHE-SN24
3,EPB-CH24,Chancellor Power Bank with USB-C Built-in Cable 5000mAh,,https://www.arielpremium.com/product/EPB-CH24
3,EPB-MQ24,20W Marquis PD Power Bank with Built-In Cables 10000mAh,,https://www.arielpremium.com/product/EPB-MQ24
3,EPB-SV24,Sovereign Wireless Charging Power Bank with Recycled Case 4000mAh,,https://www.arielpremium.com/product/EPB-SV24
3,ESP-AD24,Audio Dome Lighted Bluetooth Speaker with White Noise Sounds,,https://www.arielpremium.com/product/ESP-AD24
3,ESP-AN24,Anthem Light-Up IPX6 Waterproof Wireless Speaker,,https://www.arielpremium.com/product/ESP-AN24
3,ESP-AR23,Aria IPX6 Waterproof Solar-Powered Wireless Speaker,,https://www.arielpremium.com/product/ESP-AR23
3,ESP-AU24,Audition Wireless Karaoke Speaker with Microphone,,https://www.arielpremium.com/product/ESP-AU24
3,LGB-SB24,Starburst Color Changing Squeeze Ball,,https://www.arielpremium.com/product/LGB-SB24
3,LGB-TF24,Tuff Rock Stress Reliever,,https://www.arielpremium.com/product/LGB-TF24
3,SAF-CK24,Chicken Stress Buster,,https://www.arielpremium.com/product/SAF-CK24
3,SAF-DK24,Yellow Duck Stress Buster,,https://www.arielpremium.com/product/SAF-DK24
3,SAN-MS24,Moose Stress Buster,,https://www.arielpremium.com/product/SAN-MS24
3,WBA-CA24,Caravan Expandable Travel Tote 22x13,,https://www.arielpremium.com/product/WBA-CA24
3,WBA-CO24,Best Buddy Tools Coral IPX8 Waterproof TPU Phone Pouch,,https://www.arielpremium.com/product/WBA-CO24
3,WBA-JS24,Jasper Travel Backpack,,https://www.arielpremium.com/product/WBA-JS24
3,WBA-MT24,Midtown Urban Backpack,,https://www.arielpremium.com/product/WBA-MT24
3,WBA-SB24,Savanna Jute & Recycled Cotton Backpack,,https://www.arielpremium.com/product/WBA-SB24
3,WBA-SC24,Savanna Jute & Recycled Cotton Cooler Bag 10x8.5x6,,https://www.arielpremium.com/product/WBA-SC24
3,WBA-SD24,Savanna Jute & Recycled Cotton Drawstring Backpack,,https://www.arielpremium.com/product/WBA-SD24
3,WBA-SF24,Sunfish Water Resistant Utility Bag 12.25x8x4.5,,https://www.arielpremium.com/product/WBA-SF24
3,WBA-SH24,Best Buddy Tools Seahorse IPX8 Waterproof Floating TPU Phone Pouch,,https://www.arielpremium.com/product/WBA-SH24
3,WBA-SP24,Spire Insulated Lunch Tote 1.25x8.25x7.5,,https://www.arielpremium.com/product/WBA-SP24
3,WBA-ST24,Savanna Jute & Recycled Cotton Cooler Tote 16.5x13x5.5,,https://www.arielpremium.com/product/WBA-ST24
3,WGA-PT24,Push Pop Spinning Top,,https://www.arielpremium.com/product/WGA-PT24
3,WGA-TH24,Theta Spinning Top,,https://www.arielpremium.com/product/WGA-TH24
3,WHF-AH24,Ahh! Square Aqua Pearls Hot/Cold Pack,,https://www.arielpremium.com/product/WHF-AH24
3,WHF-BQ24,Bouquet Round Aqua Pearls Hot/Cold Pack,,https://www.arielpremium.com/product/WHF-BQ24
3,WHF-CE24,Cat Eyes Large Rectangle Aqua Pearls Hot/Cold Pack,,https://www.arielpremium.com/product/WHF-CE24
3,WHF-CH24,Chill Square Aqua Pearls Hot/Cold Pack,,https://www.arielpremium.com/product/WHF-CH24
3,WHF-CL24,Chiller Large Ice Bag,,https://www.arielpremium.com/product/WHF-CL24
3,WHF-CM24,Chiller Medium Ice Bag,,https://www.arielpremium.com/product/WHF-CM24
3,WHF-CR24,Crown Eye Mask with Wireless Headset,,https://www.arielpremium.com/product/WHF-CR24
3,WHF-FB24,Feel Better Square Aqua Pearls Hot/Cold Pack,,https://www.arielpremium.com/product/WHF-FB24
3,WHF-FL24,Football Large Rectangle Aqua Pearls Hot/Cold Pack,,https://www.arielpremium.com/product/WHF-FL24
3,WHF-GF24,Golfer Square Aqua Pearls Hot/Cold Pack,,https://www.arielpremium.com/product/WHF-GF24
3,WHF-HC24,Full-Color Aqua Pearls Hot/Cold Pack,,https://www.arielpremium.com/product/WHF-HC24
3,WHF-JM24,Jade Massage Stone,,https://www.arielpremium.com/product/WHF-JM24
3,WHF-LB24,Laid Back Large Rectangle Aqua Pearls Hot/Cold Pack,,https://www.arielpremium.com/product/WHF-LB24
3,WHF-MR24,Cold Therapy Massage Roller,,https://www.arielpremium.com/product/WHF-MR24
3,WHF-ND24,Napping Dog Square Aqua Pearls Hot/Cold Pack,,https://www.arielpremium.com/product/WHF-ND24
3,WHF-OU24,Ouch! Square Aqua Pearls Hot/Cold Pack,,https://www.arielpremium.com/product/WHF-OU24
3,WHF-PB24,Plush Bear Aqua Pearls Hot/Cold Pack,,https://www.arielpremium.com/product/WHF-PB24
3,WHF-PE24,Plush Penguin Aqua Pearls Hot/Cold Pack,,https://www.arielpremium.com/product/WHF-PE24
3,WHF-PF24,Pink Flamingo Tube Square Aqua Pearls Hot/Cold Pack,,https://www.arielpremium.com/product/WHF-PF24
3,WHF-PH24,Plush Hippo Aqua Pearls Hot/Cold Pack,,https://www.arielpremium.com/product/WHF-PH24
3,WHF-PL24,Puppy Love Square Aqua Pearls Hot/Cold Pack,,https://www.arielpremium.com/product/WHF-PL24
3,WHF-PP24,Plush Panda Aqua Pearls Hot/Cold Pack,,https://www.arielpremium.com/product/WHF-PP24
3,WHF-PS24,Plush Sloth Aqua Pearls Hot/Cold Pack,,https://www.arielpremium.com/product/WHF-PS24
3,WHF-RA24,Full-Color Round Aqua Pearls Hot/Cold Pack,,https://www.arielpremium.com/product/WHF-RA24
3,WHF-SD24,Spa Day Large Rectangle Aqua Pearls Hot/Cold Pack,,https://www.arielpremium.com/product/WHF-SD24
3,WHF-SF24,Surf?n Dog Round Aqua Pearls Hot/Cold Pack,,https://www.arielpremium.com/product/WHF-SF24
3,WHF-SM24,Sea Marvels Large Rectangle Aqua Pearls Hot/Cold Pack,,https://www.arielpremium.com/product/WHF-SM24
3,WHF-SQ24,Full-Color Square Aqua Pearls Hot/Cold Pack,,https://www.arielpremium.com/product/WHF-SQ24
3,WHF-SR24,Serenity Square Aqua Pearls Hot/Cold Pack,,https://www.arielpremium.com/product/WHF-SR24
3,WHF-SS24,Smiling Sloth Square Aqua Pearls Hot/Cold Pack,,https://www.arielpremium.com/product/WHF-SS24
3,WHF-TB24,Tropical Breeze Large Rectangle Aqua Pearls Hot/Cold Pack,,https://www.arielpremium.com/product/WHF-TB24
3,WHF-TL24,Talon Finger Exerciser,,https://www.arielpremium.com/product/WHF-TL24
3,WHF-TS24,Team Sports Large Rectangle Aqua Pearls Hot/Cold Pack,,https://www.arielpremium.com/product/WHF-TS24
3,WHF-TY24,Treat Yourself Large Rectangle Aqua Pearls Hot/Cold Pack,,https://www.arielpremium.com/product/WHF-TY24
3,WKA-HE24,Heat 'N Eat Microwaveable Stainless Steel Lunch Box with Vented Glass Lid,,https://www.arielpremium.com/product/WKA-HE24
3,WKA-PT24,Pop Top Bamboo Bottle Opener,,https://www.arielpremium.com/product/WKA-PT24
3,WLT-CM24,Comet 2-in-1 Rechargeable COB Lightbar & LED Headlamp with On/Off Sensor,,https://www.arielpremium.com/product/WLT-CM24
3,WLT-CN23,Constellation Night Light,,https://www.arielpremium.com/product/WLT-CN23
3,WLT-GG23,Gig 9.8 ft. 90-LED Light Strip with Remote Control,,https://www.arielpremium.com/product/WLT-GG23
3,WLT-MB24,Moonbeam Rechargeable COB Headlamp,,https://www.arielpremium.com/product/WLT-MB24
3,WLT-MQ23,Marquee Multi-Color Light Bar with Remote Control,,https://www.arielpremium.com/product/WLT-MQ23
3,WLT-RB24,Rainbow Sound-Reactive LED Ambient Light,,https://www.arielpremium.com/product/WLT-RB24
3,WLT-RR24,Retro Pop Up Rechargeable COB Lantern,,https://www.arielpremium.com/product/WLT-RR24
3,WMG-BM24,Bamboo Magnetic Power Clip,,https://www.arielpremium.com/product/WMG-BM24
3,WOF-AG24,Agenda Recycled Spiral 4.5x6 Notebook with Sticky Notes & Pen,,https://www.arielpremium.com/product/WOF-AG24
3,WOF-AR24,Arc Hardcover 6x8 Journal with Pen,,https://www.arielpremium.com/product/WOF-AR24
3,WOF-CL24,Cork & Linen 5.5x8 Journal with Eco Pen,,https://www.arielpremium.com/product/WOF-CL24
3,WOF-EL24,Elan Hardcover FSC 5.5x8.5 Journal with Pen Loop and Inner Pocket,,https://www.arielpremium.com/product/WOF-EL24
3,WOF-ET24,Elite Softcover FSC Leatherette Journal 5.5x8,,https://www.arielpremium.com/product/WOF-ET24
3,WOF-FL24,Flip Recycled Spiral Notebook with Pen,,https://www.arielpremium.com/product/WOF-FL24
3,WOF-JY24,Journeyman Pad Portfolio with Ruler & Pencil,,https://www.arielpremium.com/product/WOF-JY24
3,WOF-KR24,Kraft Recycled Journal 5x7,,https://www.arielpremium.com/product/WOF-KR24
3,WOF-PR24,Prairie Fragrant Grass Recycled Spiral 5x7 Notebook with Pen,,https://www.arielpremium.com/product/WOF-PR24
3,WOF-TH24,Thesis Hardcover 5.75x8.5 Journal with Magnetic Closure & Pen,,https://www.arielpremium.com/product/WOF-TH24
3,WOF-WW24,Wildwood Cardboard Spiral Notebook,,https://www.arielpremium.com/product/WOF-WW24
3,WPC-TM24,TravelMate Manicure Kit,,https://www.arielpremium.com/product/WPC-TM24
3,WSF-RL24,Rally Pickleball Set,,https://www.arielpremium.com/product/WSF-RL24
3,WSF-SR24,Serenity Foldable Yoga Mat,,https://www.arielpremium.com/product/WSF-SR24
3,WTE-EL24,Ellipse 360 Degree Rotation Steel Phone Stand,,https://www.arielpremium.com/product/WTE-EL24
3,WTE-FB23,FSC Bamboo Bloc Phone Stand,,https://www.arielpremium.com/product/WTE-FB23
3,WTE-FP23,FSC Bamboo Portable Phone Stand,,https://www.arielpremium.com/product/WTE-FP23
3,WTV-EP24,Easy-Pak Emergency Poncho with Whistle,,https://www.arielpremium.com/product/WTV-EP24
3,WTV-GL24,Gale Rechargeable Fan with Swivel Handle,,https://www.arielpremium.com/product/WTV-GL24
3,WTV-SI24,Silicone Luggage Tag,,https://www.arielpremium.com/product/WTV-SI24
3,WTV-SP24,Spritz Handheld Rechargeable Misting Fan,,https://www.arielpremium.com/product/WTV-SP24
3,WTV-TP24,Best Buddy Tools Tempest Handheld Fan with AC Refrigeration,,https://www.arielpremium.com/product/WTV-TP24
3,WTV-ZE24,"Zephyr Clip Fan with Power Bank, Light & Remote Control",,https://www.arielpremium.com/product/WTV-ZE24
3,ALB-EC24,AeroLOFT ECO Anywhere Crossbody Mini Backpack,,https://www.arielpremium.com/product/ALB-EC24
3,ALB-EH24,AeroLOFT ECO Anywhere Belt Bag,,https://www.arielpremium.com/product/ALB-EH24
3,ALB-UT24,AeroLOFT Universal Travel Pouch,,https://www.arielpremium.com/product/ALB-UT24
3,ALB-WM24,AeroLOFT Wide-Mouth Wet/Dry Toiletry Kit,,https://www.arielpremium.com/product/ALB-WM24
3,DBT-LG24,Lagoon 20 oz RPET Bottle,,https://www.arielpremium.com/product/DBT-LG24
3,DBT-NM24,Nomad 27 oz Vacuum Insulated Stainless Steel Bottle,,https://www.arielpremium.com/product/DBT-NM24
3,DBT-NX24,Nexus 27 oz Recycled Aluminum Bottle with Flip-Top Lid and Carabiner,,https://www.arielpremium.com/product/DBT-NX24
3,DBT-SB24,Groove 17 oz Collapsible Silicone Bottle,,https://www.arielpremium.com/product/DBT-SB24
3,DMU-SC24,Groove 9 oz Collapsible Silicone Cup with Lid,,https://www.arielpremium.com/product/DMU-SC24
3,DNM-GE24,NAYAD Genesis 40 oz Stainless Steel Double-Wall Mug with Foldable Handle,,https://www.arielpremium.com/product/DNM-GE24
3,DWA-CC25,Circo 16 oz Ceramic Mug with Wooden Lid,,https://www.arielpremium.com/product/DWA-CC25
3,DWA-MI25,Milo 30 oz Vacuum Insulated Stainless Steel Mug with Straw,,https://www.arielpremium.com/product/DWA-MI25
3,DWA-MN25,Monza 30 oz Stainless Steel/Polypropylene Tumbler,,https://www.arielpremium.com/product/DWA-MN25
3,DWA-MZ25,Marzano 18 oz Recycled Ceramic Mug,,https://www.arielpremium.com/product/DWA-MZ25
3,DWA-NV25,Novo Combo 20 oz Vacuum Insulated Stainless Steel Mug and Screw-On 12 oz Can Cooler,,https://www.arielpremium.com/product/DWA-NV25
3,DWA-OR25,Oreno 30 oz Stainless Steel/Polypropylene Travel Tumbler,,https://www.arielpremium.com/product/DWA-OR25
3,DWA-SE25,Senago 30 oz Vacuum Insulated Stainless Steel Bottle with Build-in Straw,,https://www.arielpremium.com/product/DWA-SE25
3,DWA-SO25,Sofia 30 oz Double-Wall Polypropylene Mug,,https://www.arielpremium.com/product/DWA-SO25
3,DWA-VA25,Varedo 24 oz DuoFlow Vacuum Insulated Stainless Steel Tumbler,,https://www.arielpremium.com/product/DWA-VA25
3,DWA-VI25,Villanova 26 oz Vacuum Insulated Stainless Steel Shaker,,https://www.arielpremium.com/product/DWA-VI25
3,EAC-AC24,Acadia RPET Mouse Pad with 15W Wireless Charger,,https://www.arielpremium.com/product/EAC-AC24
3,EAC-AX24,Annex Wireless Charging Stand with Dual Ports & Pen Holder,,https://www.arielpremium.com/product/EAC-AX24
3,EAC-BD24,Bamboo Dual Port USB & Type-C Hub,,https://www.arielpremium.com/product/EAC-BD24
3,EAC-BR24,Bamboo Retractable 3-in-1 Charging Cable with Dual Inputs,,https://www.arielpremium.com/product/EAC-BR24
3,EAC-MF23,Magport Bamboo 15W Wireless Charger,,https://www.arielpremium.com/product/EAC-MF23
3,EAC-PU24,Power Up 15W Wireless Charger,,https://www.arielpremium.com/product/EAC-PU24
3,EMA-CI24,Citadel Full Size 6-Speed Massage Gun,,https://www.arielpremium.com/product/EMA-CI24
3,EMA-CR24,Crimson Massage Gun,,https://www.arielpremium.com/product/EMA-CR24
3,EPB-BB24,FSC Bamboo/RPET Mini Power Bank 2000mAh,,https://www.arielpremium.com/product/EPB-BB24
3,EPB-EM25,Ember Combo Hand Warmer & 10000mAh Power Bank,,https://www.arielpremium.com/product/EPB-EM25
3,ESP-BS24,Bamboo Wireless Speaker & 10W Wireless Charger,,https://www.arielpremium.com/product/ESP-BS24
3,ESP-ES24,EcoSound Bamboo/Recycled Aluminum Wireless Speaker,,https://www.arielpremium.com/product/ESP-ES24
3,ESP-SW24,Swing 3W Mono Wireless Speaker,,https://www.arielpremium.com/product/ESP-SW24
3,LGB-NI24,Nitro Super Bouncing Ball,,https://www.arielpremium.com/product/LGB-NI24
3,WAU-PS25,"Pit Stop 12V Portable Jump Starter Kit 16,000mAh",,https://www.arielpremium.com/product/WAU-PS25
3,WBA-BS24,Backstreet Urban Backpack,,https://www.arielpremium.com/product/WBA-BS24
3,WBA-CC24,Cup Caddy Zippered Pouch for Large 30 oz and 40 oz Mugs,,https://www.arielpremium.com/product/WBA-CC24
3,WBA-CD24,Cup Cadet Zippered Pouch,,https://www.arielpremium.com/product/WBA-CD24
3,WBA-DB24,Dove Urban Backpack,,https://www.arielpremium.com/product/WBA-DB24
3,WBA-DC24,Dove Cooler Bag,,https://www.arielpremium.com/product/WBA-DC24
3,WBA-DD24,Dove Drawstring Backpack,,https://www.arielpremium.com/product/WBA-DD24
3,WBA-DL24,Dove Lunch Cooler Bag,,https://www.arielpremium.com/product/WBA-DL24
3,WBA-FE24,Festival Cooler Bag,,https://www.arielpremium.com/product/WBA-FE24
3,WBA-LU24,Lune Microfiber Waist Bag,,https://www.arielpremium.com/product/WBA-LU24
3,WBA-MB24,Metro Tech Backpack,,https://www.arielpremium.com/product/WBA-MB24
3,WBA-MC24,Metro Tech Cooler Bag,,https://www.arielpremium.com/product/WBA-MC24
3,WBA-NX24,Nexus Split-Strap Microfiber Sling Backpack,,https://www.arielpremium.com/product/WBA-NX24
3,WBA-PD24,Pearl Soft-Touch Drawstring Bag,,https://www.arielpremium.com/product/WBA-PD24
3,WBA-PT24,Pearl Soft-Touch Tote Bag,,https://www.arielpremium.com/product/WBA-PT24
3,WBA-SN24,Sunflower PEVA Zip Closure Utility Bag,,https://www.arielpremium.com/product/WBA-SN24
3,WGA-PC24,Push Pop Cube Toy,,https://www.arielpremium.com/product/WGA-PC24
3,WGA-PS24,Push Pop Stress Reliever Keychain Toy,,https://www.arielpremium.com/product/WGA-PS24
3,WHF-LP24,Lips Aqua Pearls Hot/Cold Pack,,https://www.arielpremium.com/product/WHF-LP24
3,WHF-WR24,Well-Rounded Convex Lip Balm,,https://www.arielpremium.com/product/WHF-WR24
3,WHO-CO24,Corsica 22 oz Glass Canister with Acacia Lid,,https://www.arielpremium.com/product/WHO-CO24
3,WHO-PP24,Pup-Pet Bandana 26x12,,https://www.arielpremium.com/product/WHO-PP24
3,WKA-BA24,FSC Bamboo Coaster with Bottle Opener,,https://www.arielpremium.com/product/WKA-BA24
3,WKA-CN24,Connoisseur 3-Compartment Stackable Lunch Box with Utensils,,https://www.arielpremium.com/product/WKA-CN24
3,WKA-CW24,Collapsible Wine Cooler & Ice Bucket,,https://www.arielpremium.com/product/WKA-CW24
3,WKA-FP24,Firepit 5-Piece BBQ Set with Cutting Board & Carrying Case,,https://www.arielpremium.com/product/WKA-FP24
3,WKA-JU24,Juno Marble Coaster,,https://www.arielpremium.com/product/WKA-JU24
3,WKA-PK24,Highland 9-Piece Stainless Steel BBQ Set with Hardshell Case,,https://www.arielpremium.com/product/WKA-PK24
3,WOF-EX24,Executive FSC Journal with Textured Grommet Spine,,https://www.arielpremium.com/product/WOF-EX24
3,WOF-GF24,GrassField Cork Recycled Journal with Pen,,https://www.arielpremium.com/product/WOF-GF24
3,WOF-PL24,Plantation FSC Fruit & Nut Pulp Paper Journal,,https://www.arielpremium.com/product/WOF-PL24
3,WOF-SS24,Saturn Spinning Ring Pen,,https://www.arielpremium.com/product/WOF-SS24
3,WOF-SV24,Savvy Recycled Journal,,https://www.arielpremium.com/product/WOF-SV24
3,WOR-PB24,Best Buddy Tools 8x21 Compact Pocket Binocular,,https://www.arielpremium.com/product/WOR-PB24
3,WPC-CB24,Cabaret LED Mirror with Swivel Handle,,https://www.arielpremium.com/product/WPC-CB24
3,WTE-PW24,2-in-1 Push Pop Stress Reliever Phone and Keychain Wristlet,,https://www.arielpremium.com/product/WTE-PW24
3,WTE-TR24,Triangle Phone Stand,,https://www.arielpremium.com/product/WTE-TR24
3,WTE-TV24,Traveler Adjustable Phone Carrier & Lanyard,,https://www.arielpremium.com/product/WTE-TV24
3,WTT-BA24,Best Buddy Tools FSC Bamboo Multi-Tool with Carabiner,,https://www.arielpremium.com/product/WTT-BA24
3,WTT-MA24,Best Buddy Tools Master 25-foot Tape Measure,,https://www.arielpremium.com/product/WTT-MA24
3,WTT-QR24,Best Buddy Tools 6-in-1 Quick Release Screwdriver,,https://www.arielpremium.com/product/WTT-QR24
3,WTV-QW24,Quick Wash Laundry Detergent Sheets,,https://www.arielpremium.com/product/WTV-QW24
3,WTV-RS24,Rainshield PEVA Poncho,,https://www.arielpremium.com/product/WTV-RS24
3,WTT-TH24,Best Buddy Tools Tactical Survival Multi-Tool Hammer,,https://www.arielpremium.com/product/WTT-TH24
3,EPB-FB23-DUP,FSC Bamboo 10000mAh Dual Port Power Bank with 10W Wireless Charger,,https://www.arielpremium.com/product/EPB-FB23-DUP
3,EPB-FS23-DUP,FSC Bamboo 5000mAh Dual Port Power Bank with Wireless Charger,,https://www.arielpremium.com/product/EPB-FS23-DUP
3,EHE-TR22-DUP,Touring TWS Earbuds,,https://www.arielpremium.com/product/EHE-TR22-DUP
3,WOF-JF23-DUP,Jot 'N Plot FSC Eco-Friendly Organizer Notebook,,https://www.arielpremium.com/product/WOF-JF23-DUP
3,WOF-FS23-DUP,FSC Bamboo Sticky Note Dispenser with Phone Holder,,https://www.arielpremium.com/product/WOF-FS23-DUP
3,WKA-DF23-DUP,Double Decker Lunch Box with FSC Bamboo Lid & Utensils,,https://www.arielpremium.com/product/WKA-DF23-DUP
3,WKA-FB23-DUP,FSC Bamboo Cutting Board,,https://www.arielpremium.com/product/WKA-FB23-DUP
3,ALB-CP24,AeroLOFT Compression Packing Cubes 3 pc,,https://www.arielpremium.com/product/ALB-CP24
3,ALB-EF25,AeroLOFT Everyday Foldable Tote Bag 21.5x6x14.75,,https://www.arielpremium.com/product/ALB-EF25
3,ALB-IN25,AeroLOFT Infinity Laptop Backpack,,https://www.arielpremium.com/product/ALB-IN25
3,ALB-MO25,AeroLOFT Motion Crossbody Sling Bag,,https://www.arielpremium.com/product/ALB-MO25
3,ALB-MT24,AeroLOFT Metro Crossbody Sling Backpack,,https://www.arielpremium.com/product/ALB-MT24
3,ALB-OD25,AeroLOFT Odyssey Dual Compartment Backpack,,https://www.arielpremium.com/product/ALB-OD25
3,ALB-SS25,AeroLOFT Space Saver Zip Pouch,,https://www.arielpremium.com/product/ALB-SS25
3,ALB-SW25,AeroLOFT Skinny Wallet,,https://www.arielpremium.com/product/ALB-SW25
3,ALB-TW25,AeroLOFT Travel Wallet Organizer,,https://www.arielpremium.com/product/ALB-TW25
3,ALB-VF25,AeroLOFT Voyager Foldable Backpack,,https://www.arielpremium.com/product/ALB-VF25
3,CLG-BH25,Comfort Logic Lower Back Heating Wrap,,https://www.arielpremium.com/product/CLG-BH25
3,CLG-EM25,Comfort Logic Eye Mask Heating Wrap,,https://www.arielpremium.com/product/CLG-EM25
3,CLG-NH25,Comfort Logic Neck Heating Wrap,,https://www.arielpremium.com/product/CLG-NH25
3,DBT-AV25,Avento 25 oz Recycled Aluminum Bottle with Silicone Loop,,https://www.arielpremium.com/product/DBT-AV25
3,DBT-BC25,4-Piece Bottle & Cup Gift Set,,https://www.arielpremium.com/product/DBT-BC25
3,DBT-CA25,Cabrio 24 oz Recycled Stainless Steel Vacuum Insulated Bottle,,https://www.arielpremium.com/product/DBT-CA25
3,DBT-CB25,Cabrio 32 oz Recycled Stainless Steel Vacuum Insulated Bottle,,https://www.arielpremium.com/product/DBT-CB25
3,DBT-CH25,Chroma 27 oz Tritan Bottle with Snap-Top Lid & Carabiner,,https://www.arielpremium.com/product/DBT-CH25
3,DBT-CM25,Cameo 23 oz PLA Sports Bottle with Silicone Loop Handle,,https://www.arielpremium.com/product/DBT-CM25
3,DBT-HU25,Husky 24 oz RPET Bottle,,https://www.arielpremium.com/product/DBT-HU25
3,DBT-SW25,Switchback 27 oz RPET Bottle with Snap-Top Lid & Carabiner,,https://www.arielpremium.com/product/DBT-SW25
3,DBT-TA25,Talus 27 oz Vacuum Insulated Stainless Steel Bottle,,https://www.arielpremium.com/product/DBT-TA25
3,DMU-MA25,Maestro 30 oz Vacuum Insulated Stainless Steel Mug,,https://www.arielpremium.com/product/DMU-MA25
3,DMU-ML25,Millenium 20 oz Vacuum Insulated Stainless Steel Mug,,https://www.arielpremium.com/product/DMU-ML25
3,DMU-MV25,Maverick 40 oz Vacuum Insulated Stainless Steel Mug,,https://www.arielpremium.com/product/DMU-MV25
3,DMU-OC25,Oceanic 30 oz Stainless Steel/Polypropylene Mug with Color-Matching Handle,,https://www.arielpremium.com/product/DMU-OC25
3,DMU-OH25,Ohana 40 oz Stainless Steel/Polypropylene Mug with Color-Matching Handle,,https://www.arielpremium.com/product/DMU-OH25
3,DMU-OU25,Outback 20 oz Stainless Steel/Polypropylene Mug with Lid and Straw,,https://www.arielpremium.com/product/DMU-OU25
3,DNB-CR25,NAYAD Crusade 28 oz Stainless Steel Double-Wall Bottle with Hidden Cup,,https://www.arielpremium.com/product/DNB-CR25
3,DNM-QU25,NAYAD Quest 23 oz Stainless Steel Double-Wall Mug with Foldable Handle & Snack Cup,,https://www.arielpremium.com/product/DNM-QU25
3,DTM-HT25,Halftime 16 oz USA-Made Steel Chill Cup,,https://www.arielpremium.com/product/DTM-HT25
3,DTM-KL25,Klaxon 23 oz Stainless Steel/Polypropylene Tumbler with Built-In Horn,,https://www.arielpremium.com/product/DTM-KL25
3,DTM-OL25,Olympia 17 oz Stainless Steel/Polypropylene Tumbler with Flip Top Lid,,https://www.arielpremium.com/product/DTM-OL25
3,DTM-PG25,Paragon 12 oz Recycled Polypropylene/Stainless Steel Tumbler,,https://www.arielpremium.com/product/DTM-PG25
3,DWA-CO25,Corsica 16 oz Ceramic Mug,,https://www.arielpremium.com/product/DWA-CO25
3,DWA-SA25,Sanzio 21 oz RPET Bottle with Bamboo Lid,,https://www.arielpremium.com/product/DWA-SA25
3,DWP-BA25,Breakaway 26 oz RPET Sports Bottle with Flip-Top Spout,,https://www.arielpremium.com/product/DWP-BA25
3,DWP-EC25,Echelon 22 oz Polypropylene Tumbler,,https://www.arielpremium.com/product/DWP-EC25
3,DWP-MO25,Moto 24 oz Shaker Bottle,,https://www.arielpremium.com/product/DWP-MO25
3,DWP-PG25,Prologue 28 oz PET Sports Bottle with Push-Pull Lid,,https://www.arielpremium.com/product/DWP-PG25
3,EAC-AM25,Avalon II Mouse Pad with 15 W Wireless Charger,,https://www.arielpremium.com/product/EAC-AM25
3,EAC-AZ25,Azure 15W Wireless Charger Mouse Pad with Kickstand,,https://www.arielpremium.com/product/EAC-AZ25
3,EAC-BZ25,Blaze USB-C to USB-C 240W Charging & Data Cable,,https://www.arielpremium.com/product/EAC-BZ25
3,EAC-LU25,15W Light-up Aluminum Wireless Charger,,https://www.arielpremium.com/product/EAC-LU25
3,EAC-PD25,Power Disc 15W Wireless Charger,,https://www.arielpremium.com/product/EAC-PD25
3,EAC-ST25,"Stow-N-Go 4-in-1 60W PD 39 Data & Fast Charging Cable With Silicone Pouch""",,https://www.arielpremium.com/product/EAC-ST25
3,EAC-SU25,"Sunset 20W Stereo Speaker with White Noise, Clock, Radio, and 15W Wireless Charger",,https://www.arielpremium.com/product/EAC-SU25
3,EAC-TB24,Tribute 4-in-1 Charging Cable with Watch Charger,,https://www.arielpremium.com/product/EAC-TB24
3,EAC-TR25,Tribune 3-in-1 Charging Cable,,https://www.arielpremium.com/product/EAC-TR25
3,EAC-TW25,Twin Deck 2-in-1 Wireless Charger with Ambient Light,,https://www.arielpremium.com/product/EAC-TW25
3,EAC-UL25,Ultra 3-in-1 Power Station,,https://www.arielpremium.com/product/EAC-UL25
3,EAC-ZG25,"Zing USB-C 5-Port Hub with USB-A, USB-C & HDMI",,https://www.arielpremium.com/product/EAC-ZG25
3,EHE-PU25,Pulse Active Noise Canceling Headphones,,https://www.arielpremium.com/product/EHE-PU25
3,EMA-CO25,Comfort Logic Companion Mini Massage Gun,,https://www.arielpremium.com/product/EMA-CO25
3,EMO-AS25,Ascent Rechargeable Wireless Mouse,,https://www.arielpremium.com/product/EMO-AS25
3,EPB-BA25,Baron Power Bank with Watch Charger & Built-In Cable 2000mAh,,https://www.arielpremium.com/product/EPB-BA25
3,EPB-MQ25,Marquis 20W PD Power Bank with Wireless Charger & Built-In Cables 5000mAh,,https://www.arielpremium.com/product/EPB-MQ25
3,EPB-PA25,Pavilion UL-Listed Power Bank 5000mAh,,https://www.arielpremium.com/product/EPB-PA25
3,EPB-RG25,"Regal 20W PD Power Bank w/15W Magnetic Wireless Charger, Watch Charger & Phone Stand 10000mAh",,https://www.arielpremium.com/product/EPB-RG25
3,EPB-RO25,Royale Aluminum 20W Power Bank with 15W Magnetic Wireless Charger 5000mAh,,https://www.arielpremium.com/product/EPB-RO25
3,EPB-VA25,Valet 20W PD Power Bank with 15W Magnetic Wireless Charger 5000mAh,,https://www.arielpremium.com/product/EPB-VA25
3,ESP-NV25,Nova Light-Up Waterproof 5W Wireless Speaker,,https://www.arielpremium.com/product/ESP-NV25
3,ESP-SP25,Spark 5W Light-Up Radio and Wireless Speaker,,https://www.arielpremium.com/product/ESP-SP25
3,ETA-SP25,Sprite Light-Up Writing Pad,,https://www.arielpremium.com/product/ETA-SP25
3,LAF-AL25,Alpaca Stress Reliever,,https://www.arielpremium.com/product/LAF-AL25
3,LAF-CA25,Capybara Stress Reliever,,https://www.arielpremium.com/product/LAF-CA25
3,LAF-LH25,Long Horn Cow Stress Reliever,,https://www.arielpremium.com/product/LAF-LH25
3,LAF-RA25,Ram Stress Reliever,,https://www.arielpremium.com/product/LAF-RA25
3,LAN-DN25,DNA Shaped Stress Reliever,,https://www.arielpremium.com/product/LAN-DN25
3,LCC-TC25,Trash Container Stress Reliever,,https://www.arielpremium.com/product/LCC-TC25
3,LCN-BU25,5-Gallon Bucket Stress Reliever,,https://www.arielpremium.com/product/LCN-BU25
3,LEL-MC25,Microchip Stress Reliever,,https://www.arielpremium.com/product/LEL-MC25
3,LEL-SP25,Smart Phone Stress Reliever,,https://www.arielpremium.com/product/LEL-SP25
3,LFD-BA25,Bagel Stress Reliever,,https://www.arielpremium.com/product/LFD-BA25
3,LFD-PC25,Popcorn Stress Reliever,,https://www.arielpremium.com/product/LFD-PC25
3,LFD-PR25,Pretzel Stress Reliever,,https://www.arielpremium.com/product/LFD-PR25
3,LFF-BF25,Bigfoot Stress Reliever,,https://www.arielpremium.com/product/LFF-BF25
3,LGS-BX25,Shipping Box Stress Reliever,,https://www.arielpremium.com/product/LGS-BX25
3,LGS-FC25,Flat Cloud Stress Reliever,,https://www.arielpremium.com/product/LGS-FC25
3,LHO-TP25,Toilet Paper Roll Stress Reliever,,https://www.arielpremium.com/product/LHO-TP25
3,LNA-CP25,Cactus in a Pot Stress Reliever,,https://www.arielpremium.com/product/LNA-CP25
3,LPE-CO25,Corgi Dog Stress Reliever,,https://www.arielpremium.com/product/LPE-CO25
3,LPE-GD25,Golden Doodle Dog Stress Reliever,,https://www.arielpremium.com/product/LPE-GD25
3,LSC-RA25,Robot Arm Stress Reliever,,https://www.arielpremium.com/product/LSC-RA25
3,LSP-PK25,Pickleball Stress Reliever,,https://www.arielpremium.com/product/LSP-PK25
3,LTR-ES25,EV Sedan Stress Reliever,,https://www.arielpremium.com/product/LTR-ES25
3,LTR-EV25,EV Delivery Van Stress Reliever,,https://www.arielpremium.com/product/LTR-EV25
3,LVB-BB25,"Baseball Vinyl Sports Ball 4"",active,https://www.arielpremium.com/product/LVB-BB25,0,0000-00-00 00:00:00""",,0
3,LVB-BK25,"Basketball Vinyl Sports Ball 4"",active,https://www.arielpremium.com/product/LVB-BK25,0,0000-00-00 00:00:00""",,0
3,LVB-FB25,"Football Vinyl Sports Ball 6"",active,https://www.arielpremium.com/product/LVB-FB25,0,0000-00-00 00:00:00""",,0
3,LVB-SB25,"Soccer Ball Vinyl Sports Ball 4"",active,https://www.arielpremium.com/product/LVB-SB25,0,0000-00-00 00:00:00""",,0
3,LVB-SO25,"Solid Vinyl Ball 4"",active,https://www.arielpremium.com/product/LVB-SO25,0,0000-00-00 00:00:00""",,0
3,PAL-BR25,Comfort Pals Heat Therapy Cozy Pads - Bear,,https://www.arielpremium.com/product/PAL-BR25
3,PAL-CT25,Comfort Pals Heat Therapy Cozy Pads - Cat,,https://www.arielpremium.com/product/PAL-CT25
3,PAL-RB25,Comfort Pals Heat Therapy Cozy Pads - Rabbit,,https://www.arielpremium.com/product/PAL-RB25
3,PAL-SK25,Comfort Pals Heat Therapy Cozy Pads -Shark,,https://www.arielpremium.com/product/PAL-SK25
3,PHP-AV25,Phone Pals Weighted Plush Phone Holder - Avocado,,https://www.arielpremium.com/product/PHP-AV25
3,PHP-CA25,Phone Pals Weighted Plush Phone Holder - Cactus,,https://www.arielpremium.com/product/PHP-CA25
3,PHP-PB25,Phone Pals Weighted Plush Phone Holder - Pickleball Player,,https://www.arielpremium.com/product/PHP-PB25
3,SAF-RB25,Stress Busters Rabbit,,https://www.arielpremium.com/product/SAF-RB25
3,SAN-FL25,Stress Busters Flamingo,,https://www.arielpremium.com/product/SAN-FL25
3,SAN-KL25,Stress Busters Koala,,https://www.arielpremium.com/product/SAN-KL25
3,SAN-SL25,Stress Busters Sloth,,https://www.arielpremium.com/product/SAN-SL25
3,SCH-FH25,Stress Busters Fluffy Heart,,https://www.arielpremium.com/product/SCH-FH25
3,SFD-CF25,Stress Busters Coffee-to-Go,,https://www.arielpremium.com/product/SFD-CF25
3,SFR-WM25,Stress Busters Watermelon,,https://www.arielpremium.com/product/SFR-WM25
3,SSP-PK25,Stress Busters Pickleball,,https://www.arielpremium.com/product/SSP-PK25
3,WAU-ET25,Car Escape Tool with Cutter,,https://www.arielpremium.com/product/WAU-ET25
3,WAU-PC25,Pit Crew 9-Piece Car Wash Detailing Kit,,https://www.arielpremium.com/product/WAU-PC25
3,WBA-CA25,Cabana 20-Can Polyester Cooler Backpack,,https://www.arielpremium.com/product/WBA-CA25
3,WBA-FR25,Freshman RPET Laundry Bag,,https://www.arielpremium.com/product/WBA-FR25
3,WBA-GA25,Galley RPET Insulated Lunch Bag,,https://www.arielpremium.com/product/WBA-GA25
3,WBA-GD25,Game Day PVC Tote Bag,,https://www.arielpremium.com/product/WBA-GD25
3,WBA-KT25,Kingston 80GSM Recycled Non-Woven Polypropylene Heat-Sealed Tote Bag 13.75x7.5x14.25,,https://www.arielpremium.com/product/WBA-KT25
3,WBA-MA25,Malibu 8-Can Polyester Crossbody Cooler Bag,,https://www.arielpremium.com/product/WBA-MA25
3,WBA-NT25,Niro Twill Polyester Backpack,,https://www.arielpremium.com/product/WBA-NT25
3,WBA-PO25,Polaris 20-Can RPET Cooler Backpack,,https://www.arielpremium.com/product/WBA-PO25
3,WBA-UP25,Uptown Recycled Nylon Backpack,,https://www.arielpremium.com/product/WBA-UP25
3,WBA-WR25,Wrightwood Nylon Lunch Cooler Tote 13.5x5.25x8,,https://www.arielpremium.com/product/WBA-WR25
3,WCP-CS25,Center Stage Portable Wireless Lavalier Microphone - Set of 2,,https://www.arielpremium.com/product/WCP-CS25
3,WCP-PH24,Best Buddy Tools Phone Holder Key Ring,,https://www.arielpremium.com/product/WCP-PH24
3,WEE-PM25,Best Buddy Tools Rechargeable LED Pocket Magnifier,,https://www.arielpremium.com/product/WEE-PM25
3,WGA-DR25,Dragon Spring Game,,https://www.arielpremium.com/product/WGA-DR25
3,WGA-GA25,Galaxy Multi-Fidget Spinner,,https://www.arielpremium.com/product/WGA-GA25
3,WGA-GE25,Gear Push Pop Spinner,,https://www.arielpremium.com/product/WGA-GE25
3,WGA-PP25,Push Pop Stress Puzzle Ball,,https://www.arielpremium.com/product/WGA-PP25
3,WGA-SP25,Spike Massage Ball,,https://www.arielpremium.com/product/WGA-SP25
3,WHF-AV25,Avocado Aqua Pearls Hot/Cold Pack,,https://www.arielpremium.com/product/WHF-AV25
3,WHF-CA25,Caprice Gypsum Stone & Aroma Oil,,https://www.arielpremium.com/product/WHF-CA25
3,WHF-CC25,Cactus Aqua Pearls Hot/Cold Pack,,https://www.arielpremium.com/product/WHF-CC25
3,WHF-FG25,Frog Aqua Pearls Hot/Cold Pack,,https://www.arielpremium.com/product/WHF-FG25
3,WHF-FX25,Fox Aqua Pearls Hot/Cold Pack,,https://www.arielpremium.com/product/WHF-FX25
3,WHF-KA25,Koala Aqua Pearls Hot/Cold Pack,,https://www.arielpremium.com/product/WHF-KA25
3,WHF-MN25,Manus Hand Exerciser & Massager,,https://www.arielpremium.com/product/WHF-MN25
3,WHF-PA25,Panda Aqua Pearls Hot/Cold Pack,,https://www.arielpremium.com/product/WHF-PA25
3,WHF-PS25,Popsicle Aqua Pearls Hot/Cold Pack,,https://www.arielpremium.com/product/WHF-PS25
3,WHF-RG25,Rigger 2-in-1 Roller & Massager,,https://www.arielpremium.com/product/WHF-RG25
3,WHF-SL25,Sloth Aqua Pearls Hot/Cold Pack,,https://www.arielpremium.com/product/WHF-SL25
3,WHF-TR25,Triton Roller Massager,,https://www.arielpremium.com/product/WHF-TR25
3,WHO-AM25,Ambiance Digital Alarm Clock with Ocean & Aurora Ceiling Projection,,https://www.arielpremium.com/product/WHO-AM25
3,WHO-DY25,Dynamo Rechargeable Portable Vacuum Cleaner,,https://www.arielpremium.com/product/WHO-DY25
3,WHO-FB25,Football Dog Toy,,https://www.arielpremium.com/product/WHO-FB25
3,WHO-GP25,Gap 3-in-1 Cleaning Brush,,https://www.arielpremium.com/product/WHO-GP25
3,WHO-GR25,Gripper Magnetic Bag Clip with Knife Opener,,https://www.arielpremium.com/product/WHO-GR25
3,WHO-GT25,Grip 'N Twist Jar Opener,,https://www.arielpremium.com/product/WHO-GT25
3,WHO-PA25,Pare 3-in-1 Peeler & Grinder,,https://www.arielpremium.com/product/WHO-PA25
3,WHO-PU25,Pub Silicone Coaster,,https://www.arielpremium.com/product/WHO-PU25
3,WHO-RG25,Ring Dog Toy,,https://www.arielpremium.com/product/WHO-RG25
3,WHO-SL25,Snap-Lock Bag Clip,,https://www.arielpremium.com/product/WHO-SL25
3,WHO-TD25,Toss 'N Dry 2-Piece Reusable Dryer Balls in Cotton Pouch,,https://www.arielpremium.com/product/WHO-TD25
3,WHO-VT25,Vintage Clock with Analog-Like Display,,https://www.arielpremium.com/product/WHO-VT25
3,WKA-ES25,Easy-Slice Silicone Cutting Board,,https://www.arielpremium.com/product/WKA-ES25
3,WKA-FL25,FreshKeep Platinum Silicone 34 fl oz Leakproof Food Storage Pouch,,https://www.arielpremium.com/product/WKA-FL25
3,WKA-FM25,FreshKeep Platinum Silicone 23 fl oz Leakproof Food Storage Pouch,,https://www.arielpremium.com/product/WKA-FM25
3,WKA-FS25,FreshKeep Platinum Silicone 8-1/2 fl oz Leakproof Food Storage Pouch,,https://www.arielpremium.com/product/WKA-FS25
3,WKA-GO25,On-The-Go Collapsible Cutlery Set,,https://www.arielpremium.com/product/WKA-GO25
3,WKA-MF25,Rechargeable Milk Frother,,https://www.arielpremium.com/product/WKA-MF25
3,WKA-NO25,Nosh Recycled Polypropylene Lunch Box,,https://www.arielpremium.com/product/WKA-NO25
3,WKA-PM25,Pitmaster Recycled Cotton Apron,,https://www.arielpremium.com/product/WKA-PM25
3,WKA-RU25,Rustler Cooking & BBQ Digital Thermometer,,https://www.arielpremium.com/product/WKA-RU25
3,WKA-SW25,Swedish All-Natural Dishcloths,,https://www.arielpremium.com/product/WKA-SW25
3,WLT-DD25,Best Buddy Tools Rechargeable Double-Duty Flashlight with Lantern,,https://www.arielpremium.com/product/WLT-DD25
3,WLT-DM24,Best Buddy Tools Duo Beam Rechargeable LED and COB Flashlight,,https://www.arielpremium.com/product/WLT-DM24
3,WLT-GX24,Best Buddy Tools Galaxy Rechargeable Combo LED Lantern and Flashlight,,https://www.arielpremium.com/product/WLT-GX24
3,WLT-IL25,Illume Rechargeable Touch-Control Mini Desk Lamp,,https://www.arielpremium.com/product/WLT-IL25
3,WLT-KL25,Best Buddy Tools Rechargeable COB Key Light,,https://www.arielpremium.com/product/WLT-KL25
3,WLT-PX25,Pixie Light-Up Wristband,,https://www.arielpremium.com/product/WLT-PX25
3,WLT-SB25,Best Buddy Tools Rechargeable Super Beam Aluminum Flashlight,,https://www.arielpremium.com/product/WLT-SB25
3,WLT-SE25,Sentinel Rechargeable COB Worklight & LED Flashlight,,https://www.arielpremium.com/product/WLT-SE25
3,WLT-ZM24,Best Buddy Tools Zoom Rechargeable Aluminum Telescopic-Focus LED Flashlight,,https://www.arielpremium.com/product/WLT-ZM24
3,WMG-HC25,Handy Clip with Built-In Phone Stand & Bottle Opener,,https://www.arielpremium.com/product/WMG-HC25
3,WOF-AC25,Arcade Non-Slip Gaming Mouse Pad,,https://www.arielpremium.com/product/WOF-AC25
3,WOF-AD23,Axion Dye Sublimated Mouse Pad,,https://www.arielpremium.com/product/WOF-AD23
3,WOF-AN25,Anji Faux Bamboo Hardcover Journal,,https://www.arielpremium.com/product/WOF-AN25
3,WOF-AR25,Arista Non-Slip Mouse Pad,,https://www.arielpremium.com/product/WOF-AR25
3,WOF-AS25,Arista Dye Sublimated Non-Slip Mouse Pad,,https://www.arielpremium.com/product/WOF-AS25
3,WOF-BU25,Bullseye Dart Game & Pen Holder,,https://www.arielpremium.com/product/WOF-BU25
3,WOF-CA25,Campus 6-Ring Notebook Made with Repreve Recycled Polypropylene Cover,,https://www.arielpremium.com/product/WOF-CA25
3,WOF-CH25,Chronicle Refillable Ring Binder,,https://www.arielpremium.com/product/WOF-CH25
3,WOF-CN25,Chairman Hardcover Textured Journal with Pen Loop,,https://www.arielpremium.com/product/WOF-CN25
3,WOF-CR25,Crest Non-Slip Mouse Pad with Foam Wrist Rest,,https://www.arielpremium.com/product/WOF-CR25
3,WOF-CS25,Cirrus Refillable Hardcover Journal,,https://www.arielpremium.com/product/WOF-CS25
3,WOF-DR25,Draftsman Padded Hardcover Journal with Grid-Lined Paper,,https://www.arielpremium.com/product/WOF-DR25
3,WOF-EM25,Emoji Pen,,https://www.arielpremium.com/product/WOF-EM25
3,WOF-FO25,Folio Refillable Hardcover Journal with Card Pockets and Magnetic Closure,,https://www.arielpremium.com/product/WOF-FO25
3,WOF-TV25,Trivium Hardcover Journal,,https://www.arielpremium.com/product/WOF-TV25
3,WOF-WV25,Wave Non-Slip Mouse Pad with Gel Wrist Rest,,https://www.arielpremium.com/product/WOF-WV25
3,WOR-CL25,Clipper Towel & Bottle Holder,,https://www.arielpremium.com/product/WOR-CL25
3,WOR-CU25,Cuddle Micro Plush Travel Blanket with Attachable Hood & Pillow Case,,https://www.arielpremium.com/product/WOR-CU25
3,WOR-DR25,Best Buddy Tools D-Ring Carabiner with Lock,,https://www.arielpremium.com/product/WOR-DR25
3,WOR-FL25,Flick Flyer,,https://www.arielpremium.com/product/WOR-FL25
3,WOR-FM25,Flick Mini Flyer,,https://www.arielpremium.com/product/WOR-FM25
3,WOR-PB25,Premium Barrel Fleece Picnic Blanket,,https://www.arielpremium.com/product/WOR-PB25
3,WOR-SG24,Best Buddy Tools Signature Key Ring,,https://www.arielpremium.com/product/WOR-SG24
3,WOR-SU25,Snuggle Up Soft-Textured Blanket,,https://www.arielpremium.com/product/WOR-SU25
3,WPC-AB25,Aberdeen Sunglasses,,https://www.arielpremium.com/product/WPC-AB25
3,WPC-AL25,Allure Rechargeable Dual Pocket Mirrors with 2 Light Modes,,https://www.arielpremium.com/product/WPC-AL25
3,WPC-BR25,Breaker Soft Polyester Beach Towel 30x60,,https://www.arielpremium.com/product/WPC-BR25
3,WPC-CA25,Cache 4-Compartment Pill Box with Tablet Cutter,,https://www.arielpremium.com/product/WPC-CA25
3,WPC-DE25,Delray Sunglasses,,https://www.arielpremium.com/product/WPC-DE25
3,WPC-EV25,Everglades Sunglasses,,https://www.arielpremium.com/product/WPC-EV25
3,WPC-JU25,Jupiter Sunglasses,,https://www.arielpremium.com/product/WPC-JU25
3,WPC-MI25,Miami Sunglasses,,https://www.arielpremium.com/product/WPC-MI25
3,WPC-SA25,Salon Dual Nail File,,https://www.arielpremium.com/product/WPC-SA25
3,WPC-SF25,Salon Folding Dual Nail File,,https://www.arielpremium.com/product/WPC-SF25
3,WPC-UL25,ULTRA Premium Sports Towel 23.5x47,,https://www.arielpremium.com/product/WPC-UL25
3,WSA-CHCA,Clipper Hand Sanitizer- WSA-CH12 for Canada,,https://www.arielpremium.com/product/WSA-CHCA
3,WSA-CLCA,Clip-It 1 oz Moisture Bead Hand Sanitizer- WSA-CL15 for Canada,,https://www.arielpremium.com/product/WSA-CLCA
3,WSA-CMCA,Cozy Clip 1 oz Moisture Bead Hand Sanitizer- WSA-CM15 For Canada,,https://www.arielpremium.com/product/WSA-CMCA
3,WSA-CPCA,Clip-It 1.8 oz Moisture Bead Hand Sanitizer- WSA-CP15 for Canada,,https://www.arielpremium.com/product/WSA-CPCA
3,WSA-CRCA,Credit Card 0.68 oz Hand Sanitizer- WSA-CR10 for Canada,,https://www.arielpremium.com/product/WSA-CRCA
3,WSA-CZCA,Cozy Clip 0.5 oz Hand Sanitizer- WSA-CZ10 For Canada,,https://www.arielpremium.com/product/WSA-CZCA
3,WSA-FOCA,1 oz Moisture Bead Hand Sanitizer- WSA-FO15 for Canada,,https://www.arielpremium.com/product/WSA-FOCA
3,WSA-GGCA,Gel Go 1 oz Hand Sanitizer- WSA-GG11 for Canada,,https://www.arielpremium.com/product/WSA-GGCA
3,WSA-GMCA,2 oz Gel Moisture Bead Sanitizer- WSA-GM15 for Canada,,https://www.arielpremium.com/product/WSA-GMCA
3,WSA-OSCA,1 oz Spray Hand Sanitizer- WSA-OS15 for Canada,,https://www.arielpremium.com/product/WSA-OSCA
3,WSA-SP4I,Spray Pen Hand Sanitizer-WSA-SP10 for Canada,,https://www.arielpremium.com/product/WSA-SP4I
3,WSF-PR25,Power Reach Fitness Band & Expander,,https://www.arielpremium.com/product/WSF-PR25
3,WTE-AL25,Alpine 3-Card Phone Wallet with Magnetic Ring and Stand,,https://www.arielpremium.com/product/WTE-AL25
3,WTE-AP25,Alliance Portable Phone Stand & Screen Cleaner,,https://www.arielpremium.com/product/WTE-AP25
3,WTE-AR25,Arris Portable Phone Stand,,https://www.arielpremium.com/product/WTE-AR25
3,WTE-AV25,Avon 3-Card Phone Wallet with Magnetic Ring,,https://www.arielpremium.com/product/WTE-AV25
3,WTE-MP25,Magnetic Phone Holder & Stand,,https://www.arielpremium.com/product/WTE-MP25
3,WTE-PH25,Best Buddy Tools Phone Hand Strap,,https://www.arielpremium.com/product/WTE-PH25
3,WTE-SS25,Stick 'N Stream Magnetic Phone Holder with Suction Cup Base,,https://www.arielpremium.com/product/WTE-SS25
3,WTE-ST25,Stub Portable Wireless Phone Printer,,https://www.arielpremium.com/product/WTE-ST25
3,WTE-WH25,Whisk Portable Screen Cleaner & Keyboard Brush,,https://www.arielpremium.com/product/WTE-WH25
3,WTT-BO25,Best Buddy Tools Bottle Opener Multi-Tool,,https://www.arielpremium.com/product/WTT-BO25
3,WTT-CM24,Best Buddy Tools 12-in-1 Carabiner Multi-Tool,,https://www.arielpremium.com/product/WTT-CM24
3,WTT-HR25,Handy Reach Magnetic Wrist Wrap For Tools,,https://www.arielpremium.com/product/WTT-HR25
3,WTT-MT24,Best Buddy Tools 5-in-1 Multi-Tool Pocket Key Ring,,https://www.arielpremium.com/product/WTT-MT24
3,WTT-PO25,Porter 3-in-1 Box & Rope Cutter with Staple Remover,,https://www.arielpremium.com/product/WTT-PO25
3,WTT-PS24,Best Buddy Tools 25-in-1 Precision Screwdriver Kit,,https://www.arielpremium.com/product/WTT-PS24
3,WTT-PT25,Best Buddy Tools Precision Tool Kit with COB Work Light,,https://www.arielpremium.com/product/WTT-PT25
3,WTT-RT24,Best Buddy Tools Retractable LED Worklight Tool Kit,,https://www.arielpremium.com/product/WTT-RT24
3,WTT-SF25,Safety First Reflective Whistle,,https://www.arielpremium.com/product/WTT-SF25
3,WTT-SP24,Best Buddy Tools Slim Profile Multi-Tool Carabiner,,https://www.arielpremium.com/product/WTT-SP24
3,WTT-SU25,Surveyor Tape Measure 10Ft,,https://www.arielpremium.com/product/WTT-SU25
3,WTT-TP24,Best Buddy Tools Tactical Survival Multi-Tool Pliers,,https://www.arielpremium.com/product/WTT-TP24
3,WTV-CL25,Cloak Bag Hanger for Tables,,https://www.arielpremium.com/product/WTV-CL25
3,WTV-CY25,Cyclone Dual Airflow Neck Fan,,https://www.arielpremium.com/product/WTV-CY25
3,WTV-NL25,Navi Air Tracker & Luggage Tag Combo Compatible with iOS Find My App,,https://www.arielpremium.com/product/WTV-NL25
3,WTV-NV25,Navi Air Tracker Compatible with iOS Find My App,,https://www.arielpremium.com/product/WTV-NV25
3,WTV-RL25,"Ridgeline 46 Arc Reflective Umbrella with Carabiner Handle""",,https://www.arielpremium.com/product/WTV-RL25
3,WTV-SC25,Swivel Clip Folding Bag Hanger,,https://www.arielpremium.com/product/WTV-SC25
3,WTV-SW24,Best Buddy Tools Slim Wallet with Money Clip,,https://www.arielpremium.com/product/WTV-SW24
3,WTV-WW25,Whirlwind Mini Folding Rechargeable Fan with Lanyard,,https://www.arielpremium.com/product/WTV-WW25
3,WWA-AM25,Acacia & Marble Cutting Board,,https://www.arielpremium.com/product/WWA-AM25
3,WWA-DS25,Diamond TPU Sling Bag,,https://www.arielpremium.com/product/WWA-DS25
3,WTV-SW25,Sachet Wrinkle Release Spray,,https://www.arielpremium.com/product/WTV-SW25
3,WTV-SL25,Sachet Laundry Freshener Spray,,https://www.arielpremium.com/product/WTV-SL25
3,WTV-LA25,Latitude Anti-Lost Tracker Keyring,,https://www.arielpremium.com/product/WTV-LA25
3,WTV-EB25,Easy Breeze Rechargeable Hand Fan,,https://www.arielpremium.com/product/WTV-EB25
3,WTT-LL25,Best Buddy Tools Laser Level Multi-Tool,,https://www.arielpremium.com/product/WTT-LL25
3,WTT-HH25,Best Buddy Tools 39-Piece Household Tool Kit,,https://www.arielpremium.com/product/WTT-HH25
3,WTE-SM25,Screen Mate Lens & Screen Cleaner,,https://www.arielpremium.com/product/WTE-SM25
3,WTE-PL25,Pillar Magnetic Collapsible Phone Stand with Magnetic Base,,https://www.arielpremium.com/product/WTE-PL25
3,WTE-CO25,Contour Phone Stand Key Chain with Finger Fidget,,https://www.arielpremium.com/product/WTE-CO25
3,WTE-AS25,Asana Phone Stand with Built-In Screen Cleaner & Spray,,https://www.arielpremium.com/product/WTE-AS25
3,WPC-RE25,Reflections Stainless Steel Mirror with 3-Angle Stand,,https://www.arielpremium.com/product/WPC-RE25
3,WOR-DC25,Best Buddy Tools Dual Carabiner,,https://www.arielpremium.com/product/WOR-DC25
3,WOR-CA25,Best Buddy Tools Adjustable Strap Carabiner,,https://www.arielpremium.com/product/WOR-CA25
3,WOF-SP25,Splash Hardcover Journal,,https://www.arielpremium.com/product/WOF-SP25
3,WOF-EV25,Evergreen Kraft Notebook,,https://www.arielpremium.com/product/WOF-EV25
3,WOF-CO25,Corral Hardcover Journal,,https://www.arielpremium.com/product/WOF-CO25
3,WOF-AM25,The Ambassador Executive Spiral Journal,,https://www.arielpremium.com/product/WOF-AM25
3,WLT-RC25,Best Buddy Tools Rechargeable Carabiner LED Flashlight,,https://www.arielpremium.com/product/WLT-RC25
3,WLT-MA25,Best Buddy Tools Magnum Rechargeable Worklight,,https://www.arielpremium.com/product/WLT-MA25
3,WLT-AL25,Best Buddy Tools Carabiner Alarm LED Key Light,,https://www.arielpremium.com/product/WLT-AL25
3,WKA-WA24,Waiter's 3-in-1 Bottle Opener with Wooden Handle,,https://www.arielpremium.com/product/WKA-WA24
3,WKA-FG25,Freeze 'N Go Portable Ice Pack,,https://www.arielpremium.com/product/WKA-FG25
3,WKA-CH25,Chuckwagon Stackable Lunch Box With Bamboo Lid & Utensils,,https://www.arielpremium.com/product/WKA-CH25
3,WKA-CA25,Canteen Stackable Lunch Box With Utensils,,https://www.arielpremium.com/product/WKA-CA25
3,WHO-SC25,Flip 'N Sip Silicone Straw Cap,,https://www.arielpremium.com/product/WHO-SC25
3,WHF-VR25,Volcanic Rock Aroma Diffuser,,https://www.arielpremium.com/product/WHF-VR25
3,WHF-SW25,Swirl Portable Humidifier with Light,,https://www.arielpremium.com/product/WHF-SW25
3,WHF-SO25,Solace Himalayan Salt Heat Therapy Pillow,,https://www.arielpremium.com/product/WHF-SO25
3,WHF-MA25,Manor Face & Eyes Spa Kit,,https://www.arielpremium.com/product/WHF-MA25
3,WHF-KI25,Kinetic Massage Ball,,https://www.arielpremium.com/product/WHF-KI25
3,WHF-ES25,Esprit Hair Care Spa Kit,,https://www.arielpremium.com/product/WHF-ES25
3,WHF-EP25,ComfortClay Hot/Cold Eye Pads - Set of 2,,https://www.arielpremium.com/product/WHF-EP25
3,WHF-DA25,Dual Axis Body Massager,,https://www.arielpremium.com/product/WHF-DA25
3,WGA-SK25,Skip Tabletop Curling Game,,https://www.arielpremium.com/product/WGA-SK25
3,WGA-EP25,Eye-Popping Push Pop Ball,,https://www.arielpremium.com/product/WGA-EP25
3,WGA-BM25,Ball 'N Maze Sensory Fidget Spinner,,https://www.arielpremium.com/product/WGA-BM25
3,WGA-EB25,Emoji Bopper Desk Ball with Suction Cup,,https://www.arielpremium.com/product/WGA-EB25
3,WGA-AU25,Aura Sensory Activity Game,,https://www.arielpremium.com/product/WGA-AU25
3,WEE-FM25,Best Buddy Tools 3X Full-Page LED Lighted Magnifier,,https://www.arielpremium.com/product/WEE-FM25
3,WBA-VO25,Vogue Wrist Wallet Set,,https://www.arielpremium.com/product/WBA-VO25
3,WBA-KE25,Kenmore Heathered Polyester Event Tote,,https://www.arielpremium.com/product/WBA-KE25
3,WBA-HA25,Halsted 600D Ripstop and Washed Nylon Zippered Tote Bag,,https://www.arielpremium.com/product/WBA-HA25
3,WBA-GE25,Gem Clear PVC Zippered Bag with Easy-Access Shoe Compartment,,https://www.arielpremium.com/product/WBA-GE25
3,WBA-FP25,Freeport 80GSM Recycled Non-Woven Polypropylene Heat-Sealed Tote,,https://www.arielpremium.com/product/WBA-FP25
3,WBA-EU25,Europa Crossbody Nylon Sling Bag,,https://www.arielpremium.com/product/WBA-EU25
3,WBA-DU25,Durango Rolltop Polyester Backpack,,https://www.arielpremium.com/product/WBA-DU25
3,WBA-CY25,Calypso 75GSM Recycled Non-Woven Polypropylene Heat-Sealed Insulated Tote,,https://www.arielpremium.com/product/WBA-CY25
3,WBA-BV25,Bivouac 35-Can Collapsible Cooler With Easy-Access Hardshell Top,,https://www.arielpremium.com/product/WBA-BV25
3,WBA-BR25,Brooklyn Crossbody Shoulder Bag,,https://www.arielpremium.com/product/WBA-BR25
3,ESP-LY25,Lyric IPX5 Waterproof Wireless Speaker with Carabiner,,https://www.arielpremium.com/product/ESP-LY25
3,EPB-TR25,Triumph UL-Listed Power Bank 2000mAh,,https://www.arielpremium.com/product/EPB-TR25
3,EPB-IM25,"Imperial Light-Up Power Bank with Magnetic Wireless Charger, Watch Charger, Stand & Cable 10000mAh",,https://www.arielpremium.com/product/EPB-IM25
3,EPB-FU25,Fusion Solar-Charging Power Bank 5000mAh,,https://www.arielpremium.com/product/EPB-FU25
3,EPB-GU25,Guild UL-Listed Power Bank with Built-in Cables 5000mAh,,https://www.arielpremium.com/product/EPB-GU25
3,EHE-OP25,Opus USB-C Wired Earbuds with Silicone Pouch,,https://www.arielpremium.com/product/EHE-OP25
3,EAC-IN25,"Infinity 5-in-1 48 Charging Cable with Watch Charger & Light-Up Logo""",,https://www.arielpremium.com/product/EAC-IN25
3,DTM-HA25,Harbor 40 oz Recycled Tumbler with Straw,,https://www.arielpremium.com/product/DTM-HA25
3,BIB-BM25,Premium Medium Magnetic Closure Gift Box,,https://www.arielpremium.com/product/BIB-BM25
3,BIB-BS25,Premium Small Magnetic Closure Gift Box,,https://www.arielpremium.com/product/BIB-BS25
3,BIB-BX25,Premium Mini Magnetic Closure Gift Box,,https://www.arielpremium.com/product/BIB-BX25
3,BIB-BL25,Premium Large Magnetic Closure Gift Box,,https://www.arielpremium.com/product/BIB-BL25
3,ALB-CB26,AeroLOFT Clear View Crossbody Belt Bag,,https://www.arielpremium.com/product/ALB-CB26
3,ALB-CC26,AeroLOFT Crossbody Companion Bag,,https://www.arielpremium.com/product/ALB-CC26
3,ALB-CS26,AeroLOFT Clear View Crossbody Stadium Bag,,https://www.arielpremium.com/product/ALB-CS26
3,ALB-DS26,AeroLOFT DASH Sport Leisure Bag,,https://www.arielpremium.com/product/ALB-DS26
3,ALB-HT26,AeroLOFT HYBRID Travel Backpack,,https://www.arielpremium.com/product/ALB-HT26
3,ALB-SC26,AeroLOFT Shuttle Crossbody Bag,,https://www.arielpremium.com/product/ALB-SC26
3,ALB-SW26,AeroLOFT Slim Card Wallet,,https://www.arielpremium.com/product/ALB-SW26
3,ALB-TT26,AeroLOFT Clear View 2 pc Travel Toiletry Bags,,https://www.arielpremium.com/product/ALB-TT26
3,ALB-ZW26,AeroLOFT Carabiner Zip Wallet,,https://www.arielpremium.com/product/ALB-ZW26
3,DBT-AL26,Aloha 25 oz RPET Reusable Translucent Bottle with Carabiner,,https://www.arielpremium.com/product/DBT-AL26
3,DBT-AO26,Aloha 25 oz RPET Reusable Bottle with Carabiner,,https://www.arielpremium.com/product/DBT-AO26
3,DBT-CV26,Clive 24 oz Recycled Aluminum Bottle with Bamboo Lid,,https://www.arielpremium.com/product/DBT-CV26
3,DBT-DN26,Dunes 24 oz 2-In-1 Vacuum Insulated Stainless Steel Bottle,,https://www.arielpremium.com/product/DBT-DN26
3,DBT-ED26,Eden 30 oz Eco-Friendly Recycled Stainless Steel Bottle,,https://www.arielpremium.com/product/DBT-ED26
3,DBT-FG26,Fargo 32 oz Eco-Friendly Recycled Stainless Steel Bottle,,https://www.arielpremium.com/product/DBT-FG26
3,DBT-JS26,Josi 25 oz RPET Reusable Sports Bottle,,https://www.arielpremium.com/product/DBT-JS26
3,DBT-LK26,Lark 24 oz Vacuum Recycled Stainless Steel Bottle,,https://www.arielpremium.com/product/DBT-LK26
3,DBT-LN26,Lennon 20 oz Eco-friendly Straw Lid Vacuum Bottle,,https://www.arielpremium.com/product/DBT-LN26
3,DBT-LX26,Lexi 17 oz Eco-Friendly Vacuum Stainless Steel Bottle with Bamboo Lid,,https://www.arielpremium.com/product/DBT-LX26
3,DBT-PT26,Phantom 24 oz 2-In-1 Tritan Renew Reusable Bottle,,https://www.arielpremium.com/product/DBT-PT26
3,DBT-RE26,Reeves 30 oz RPET Reusable Sports Bottle,,https://www.arielpremium.com/product/DBT-RE26
3,DBT-RV26,Reeves 22 oz RPET Reusable Sports Bottle,,https://www.arielpremium.com/product/DBT-RV26
3,DBT-TS26,Tasman 24 oz RPET Reusable Plastic Bottle,,https://www.arielpremium.com/product/DBT-TS26
3,DBT-VD26,Vida 22 oz RPET Reusable Sports Bottle with Bamboo Lid,,https://www.arielpremium.com/product/DBT-VD26
3,DMU-CM26,Camper 14 oz Eco-Friendly Vacuum Insulated Camp Mug,,https://www.arielpremium.com/product/DMU-CM26
3,DMU-EV26,Everest 30 oz Vacuum Insulated Eco-Friendly Mug,,https://www.arielpremium.com/product/DMU-EV26
3,DMU-SN26,Seneca 30 oz Eco-Friendly Straw Mug,,https://www.arielpremium.com/product/DMU-SN26
3,DSB-EP26,SENSO 360 Explorer 16 oz Eco-Friendly Leak Proof Vacuum Tumbler,,https://www.arielpremium.com/product/DSB-EP26
3,DTM-AA26,Alaia 30 oz 2-In-1 Recycled Stainless Steel Vacuum Tumbler,,https://www.arielpremium.com/product/DTM-AA26
3,DTM-AR26,Arden 16 oz Recycled Acrylic Straw Tumbler,,https://www.arielpremium.com/product/DTM-AR26
3,DTM-CL26,Clio 20 oz 2-In-1 Recycled Acrylic Straw Tumbler,,https://www.arielpremium.com/product/DTM-CL26
3,DTM-HA26,Havana 22 oz Recycled Polypropylene Tumbler with Silicone Straw,,https://www.arielpremium.com/product/DTM-HA26
3,DTM-LS26,Luster 16 oz 2-In-1 Recycled Acrylic Straw Tumbler,,https://www.arielpremium.com/product/DTM-LS26
3,DTM-ML26,Marli 20 oz 2-In-1 Eco-Friendly Tumbler,,https://www.arielpremium.com/product/DTM-ML26
3,DTM-TA26,Talia 16 oz Eco-Friendly Vacuum Insulated Tumbler,,https://www.arielpremium.com/product/DTM-TA26
3,DTM-TN26,Tonal 16 oz Eco-Friendly Tumbler,,https://www.arielpremium.com/product/DTM-TN26
3,DTM-TR26,360 Troy 16 oz Eco-Friendly Leak Proof Vacuum Tumbler,,https://www.arielpremium.com/product/DTM-TR26
3,DTM-ZE26,Izzie 16 oz Eco-Friendly Vacuum Insulated Tumbler,,https://www.arielpremium.com/product/DTM-ZE26
3,DWA-AT26,Alta 20 oz Eco-Friendly Vacuum Insulated Straw Mug,,https://www.arielpremium.com/product/DWA-AT26
3,DWA-DO26,Doto 18 oz Glass Jar with Straw & Bamboo Lid,,https://www.arielpremium.com/product/DWA-DO26
3,DWA-EL26,Element 18 oz Ceramic Mug with Wood Lid,,https://www.arielpremium.com/product/DWA-EL26
3,DWA-EO26,Eos 21 oz Glass Bottle with Bamboo Lid,,https://www.arielpremium.com/product/DWA-EO26
3,DWA-HE26,Hector 22 oz Push-Button Glass Bottle with Silicone Strap & Base,,https://www.arielpremium.com/product/DWA-HE26
3,DWA-ME26,Medea 20 oz Ceramic Mug,,https://www.arielpremium.com/product/DWA-ME26
3,DWA-MO26,Minos 21 oz Eco-Friendly 2-In-1 Vacuum Insulated Tumbler,,https://www.arielpremium.com/product/DWA-MO26
3,DWA-TY26,Tuscany 24 oz Eco-Friendly 2-In-1 Vacuum Insulated Bottle,,https://www.arielpremium.com/product/DWA-TY26
3,EAC-BO26,"Bolt 4-In-1 39 Bamboo and RPET Charging & Data Cable 100W""",,https://www.arielpremium.com/product/EAC-BO26
3,EAC-CA25,Cask Portable Charging Cable with Spinner,,https://www.arielpremium.com/product/EAC-CA25
3,EAC-CH26,Channel 2- Port PD Wall Charger with Dual Outputs 20W,,https://www.arielpremium.com/product/EAC-CH26
3,EAC-CO26,Concierge PD 4-Port Universal Travel Adapter 35W,,https://www.arielpremium.com/product/EAC-CO26
3,EAC-CV26,Convoy 3-Port Wall Charger 65W,,https://www.arielpremium.com/product/EAC-CV26
3,EAC-FO26,Forge 4-In-1 Data & Fast Charging Cable 60W,,https://www.arielpremium.com/product/EAC-FO26
3,EAC-HX26,Hex 6-In-1 Light-Up Charging Cable with Carabiner Clip and Recycled Casing,,https://www.arielpremium.com/product/EAC-HX26
3,EAC-PA26,Passport Universal Travel Adapter,,https://www.arielpremium.com/product/EAC-PA26
3,EAC-PP26,Push Pop Charging Cable with Keyring & Screen Cleaner,,https://www.arielpremium.com/product/EAC-PP26
3,EAC-QU26,Quad 4-Port USB-C & USB-A Hub with Recycled ABS Case,,https://www.arielpremium.com/product/EAC-QU26
3,EAC-TE26,Tetra 4-In-1 Charging Cable With Recycled ABS Case & Built-In Phone Stand,,https://www.arielpremium.com/product/EAC-TE26
3,EAC-TR26,Triumph 3-In-1 Charging Cable with 4-Port USB Hub and Recycled Casing,,https://www.arielpremium.com/product/EAC-TR26
3,EHE-RE26,Revue TWS Earbuds With Magnetic Charging Case,,https://www.arielpremium.com/product/EHE-RE26
3,EPB-CH26,Charter Light Up Power Bank with Watch Charger & Keyring 6200mAh,,https://www.arielpremium.com/product/EPB-CH26
3,EPB-ES25,Esprit UL Listed Power Bank with Built-In Cables 2000mAh,,https://www.arielpremium.com/product/EPB-ES25
3,EPB-NO26,Noble 20W PD Power Bank with 15W Magnetic Wireless Charger 10000mAh,,https://www.arielpremium.com/product/EPB-NO26
3,EPB-PE26,Pemberley Power Bank for Laptops with Built-In Cables 65W 20000mAh,,https://www.arielpremium.com/product/EPB-PE26
3,EPB-PR26,Prestige Magnetic Wireless Power Bank with Card Holder & Find My Tracker 5000mAh 20W,,https://www.arielpremium.com/product/EPB-PR26
3,EPB-SQ26,Squire UL Listed Power Bank with Built-In Charging Cables 10000mAh,,https://www.arielpremium.com/product/EPB-SQ26
3,EPB-UL26,Ultimate PD Power Bank with Retractable Charging Cable 20000mAh 100W,,https://www.arielpremium.com/product/EPB-UL26
3,EPB-VA26,Vanguard PD Power Bank with Charging Cable Lanyard 10000mAh 20W,,https://www.arielpremium.com/product/EPB-VA26
3,ESP-AM26,AMP Wireless Speaker 5W,,https://www.arielpremium.com/product/ESP-AM26
3,ESP-BR26,Bravo IPX5 Waterproof Wireless Speaker with Magnet Mount,,https://www.arielpremium.com/product/ESP-BR26
3,ESP-IN25,Indigo Light-Up Wireless Speaker,,https://www.arielpremium.com/product/ESP-IN25
3,ESP-ME26,Meridian Digital Clock with Wireless Speaker & White Noise Sounds,,https://www.arielpremium.com/product/ESP-ME26
3,ESP-PP26,Push Pop Wireless Speaker,,https://www.arielpremium.com/product/ESP-PP26
3,PHP-PU26,Phone Pals Weighted Plush Phone Holder - Pug,,https://www.arielpremium.com/product/PHP-PU26
3,PHP-SK26,Phone Pals Weighted Plush Phone Holder - Shark,,https://www.arielpremium.com/product/PHP-SK26
3,PHP-SL26,Phone Pals Weighted Plush Phone Holder - Sloth,,https://www.arielpremium.com/product/PHP-SL26
3,WAU-GU26,Guardian Collapsible Auto Sun Shade,,https://www.arielpremium.com/product/WAU-GU26
3,WAU-RV26,Revive Jump Starter with Tire Inflator & Flashlight 10000mAh,,https://www.arielpremium.com/product/WAU-RV26
3,WBA-AM26,Americana RPET 2-Compartment Lunch Cooler Bag,,https://www.arielpremium.com/product/WBA-AM26
3,WBA-BV26,Boulevard Foldable Ripstop Tote with Cinch Cord Handles,,https://www.arielpremium.com/product/WBA-BV26
3,WBA-CB26,Chateau Leatherette Backpack,,https://www.arielpremium.com/product/WBA-CB26
3,WBA-CC26,Chateau Leatherette Crossbody Bag,,https://www.arielpremium.com/product/WBA-CC26
3,WBA-CD26,Chateau Leatherette Duffel Bag,,https://www.arielpremium.com/product/WBA-CD26
3,WBA-CR26,Crossroads 12-Can RPET Cooler Bag,,https://www.arielpremium.com/product/WBA-CR26
3,WBA-EN26,Envoy Clear PVC Waist Bag,,https://www.arielpremium.com/product/WBA-EN26
3,WBA-GA26,Galleon Lunch Cooler Bag,,https://www.arielpremium.com/product/WBA-GA26
3,WBA-GC26,Greyhound Crossbody Bag,,https://www.arielpremium.com/product/WBA-GC26
3,WBA-GL26,Greyhound Lunch Cooler Bag,,https://www.arielpremium.com/product/WBA-GL26
3,WBA-GW26,Gateway RPET Drawstring Bag,,https://www.arielpremium.com/product/WBA-GW26
3,WBA-LD26,Lakeshore Recycled Nylon Drawstring Bag,,https://www.arielpremium.com/product/WBA-LD26
3,WBA-LT26,Lakeshore Recycled Nylon Tote Bag 16x3.5x12.5,,https://www.arielpremium.com/product/WBA-LT26
3,WBA-LU26,Lakeshore Recycled Nylon Utility Pouch with Carabiner,,https://www.arielpremium.com/product/WBA-LU26
3,WBA-OV26,Overnighter Foldable Travel Duffel,,https://www.arielpremium.com/product/WBA-OV26
3,WBA-PA26,Pavilion Zippered Polyester Event Tote Bag 16.75x5x13.5,,https://www.arielpremium.com/product/WBA-PA26
3,WBA-PO26,Porter Polyester Toiletry Bag,,https://www.arielpremium.com/product/WBA-PO26
3,WBA-PS26,Posse Leatherette Crossbody Bag,,https://www.arielpremium.com/product/WBA-PS26
3,WBA-RO26,Rio Extendable Polyester Zippered Tote Bag 21x5x16.5,,https://www.arielpremium.com/product/WBA-RO26
3,WBA-SL26,Sideline Polyester Duffel Bag,,https://www.arielpremium.com/product/WBA-SL26
3,WBA-ST26,Steward Soft Leatherette Toiletry Bag,,https://www.arielpremium.com/product/WBA-ST26
3,WBA-SU26,Sundial Non-Woven Lunch Cooler Bag,,https://www.arielpremium.com/product/WBA-SU26
3,WBA-VA26,"Vallum Quilted Sleeve For 15 Laptops""",,https://www.arielpremium.com/product/WBA-VA26
3,WBA-VL26,Veranda Quilted Nylon Lunch Bag,,https://www.arielpremium.com/product/WBA-VL26
3,WBA-VT26,Veranda Quilted Nylon Tote Bag 18x6x13,,https://www.arielpremium.com/product/WBA-VT26
3,WCP-AV26,Avenue Magnetic Phone Wallet & Stand,,https://www.arielpremium.com/product/WCP-AV26
3,WEE-SC26,Screen Cleaner Bottle,,https://www.arielpremium.com/product/WEE-SC26
3,WGA-BA26,Push Pop Ball Suction Cup Phone Stand,,https://www.arielpremium.com/product/WGA-BA26
3,WGA-CO26,Mini Tabletop Cornhole Game,,https://www.arielpremium.com/product/WGA-CO26
3,WGA-PF26,Massage Finger Fidget Spinner,,https://www.arielpremium.com/product/WGA-PF26
3,WGA-PP26,Push Pop Propeller With Suction Cup,,https://www.arielpremium.com/product/WGA-PP26
3,WGA-PR26,Massage Roller with Spinner,,https://www.arielpremium.com/product/WGA-PR26
3,WGA-PS26,Push Pop and Spinner Ball,,https://www.arielpremium.com/product/WGA-PS26
3,WHO-DY26,D-I-Y Sand Candle,,https://www.arielpremium.com/product/WHO-DY26
3,WKA-BA26,Bamboo Cutlery Set In Cotton Drawstring Pouch,,https://www.arielpremium.com/product/WKA-BA26
3,WKA-BE26,Bento Stainless Steel/PP Lunch Box With Utensils,,https://www.arielpremium.com/product/WKA-BE26
3,WKA-FI26,Firenza Pizza Cutter With Protective Cover,,https://www.arielpremium.com/product/WKA-FI26
3,WKA-PR26,Prima 38 oz Microwaveable Stainless Steel Bowl With Vented Glass Lid,,https://www.arielpremium.com/product/WKA-PR26
3,WKA-SA26,Saloon 20x15 Dish Drying Mat,,https://www.arielpremium.com/product/WKA-SA26
3,WKA-SC26,Stainless Steel Cutlery Set In Oxford Case,,https://www.arielpremium.com/product/WKA-SC26
3,WKA-TU26,Tuscany 2-Piece Pizza Cutter Set,,https://www.arielpremium.com/product/WKA-TU26
3,WLT-CF26,Best Buddy Tools Rechargeable Carabiner Folding LED Light,,https://www.arielpremium.com/product/WLT-CF26
3,WLT-CL26,Best Buddy Tools Rechargeable LED Clip Flashlight,,https://www.arielpremium.com/product/WLT-CL26
3,WLT-MM26,Best Buddy Tools Rechargeable Multi-Mode Zoom Flashlight,,https://www.arielpremium.com/product/WLT-MM26
3,WOF-AC26,Arcadia Soft Spiral Notebook with Front Pocket,,https://www.arielpremium.com/product/WOF-AC26
3,WOF-AL26,Alliance Hardcover Journal With Sticky Flags & Pen,,https://www.arielpremium.com/product/WOF-AL26
3,WOF-AR26,Artisan Sketch Pad with 10-Piece Colored Pencil Set,,https://www.arielpremium.com/product/WOF-AR26
3,WOF-AV26,Avignon Repreve Recycled Hardcover Spiral Notebook with Pen,,https://www.arielpremium.com/product/WOF-AV26
3,WOF-BD26,Boardroom Hardcover Journal with Built-In Phone Stand and Pen,,https://www.arielpremium.com/product/WOF-BD26
3,WOF-BS26,Bamboo Soft Spiral Notebook With Sticky Notes,,https://www.arielpremium.com/product/WOF-BS26
3,WOF-CA26,Canyon Recycled Softcover Journal,,https://www.arielpremium.com/product/WOF-CA26
3,WOF-CB26,Camber Spiral Notebook with Colorful Sticky Notes & Pen,,https://www.arielpremium.com/product/WOF-CB26
3,WOF-CE26,Centrum Spiral Notebook With Elastic Closure,,https://www.arielpremium.com/product/WOF-CE26
3,WOF-CH26,Charter Textured Softcover Journal with Pen,,https://www.arielpremium.com/product/WOF-CH26
3,WOF-DO26,Doodle Mini Softcover Jotbook,,https://www.arielpremium.com/product/WOF-DO26
3,WOF-DV26,Best Buddy Tools Desktop Organizer Valet,,https://www.arielpremium.com/product/WOF-DV26
3,WOF-ES26,Estate Hardcover Stitched Journal,,https://www.arielpremium.com/product/WOF-ES26
3,WOF-ME26,Memoir Softcover Journal,,https://www.arielpremium.com/product/WOF-ME26
3,WOF-PA26,Parley Repreve Recycled Textured Hardcover Spiral Notebook,,https://www.arielpremium.com/product/WOF-PA26
3,WOF-PH26,Heart Spiral Notebook with Push Pop Cover,,https://www.arielpremium.com/product/WOF-PH26
3,WOF-PO26,House Spiral Notebook with Push Pop Cover,,https://www.arielpremium.com/product/WOF-PO26
3,WOF-PP26,Paw Spiral Notebook with Push Pop Cover,,https://www.arielpremium.com/product/WOF-PP26
3,WOF-PR26,Round Spiral Notebook with Push Pop Cover,,https://www.arielpremium.com/product/WOF-PR26
3,WOF-PS26,Square Spiral Notebook with Push Pop Cover,,https://www.arielpremium.com/product/WOF-PS26
3,WOF-PT26,Protege Mini Notebook With Pen & Front Pocket,,https://www.arielpremium.com/product/WOF-PT26
3,WOF-PX26,Praxis Recycled Spiral Notebook with Sticky Flags,,https://www.arielpremium.com/product/WOF-PX26
3,WOF-SK26,Skywriter Combo Recycled Plastic Ball Pen & Highlighter,,https://www.arielpremium.com/product/WOF-SK26
3,WOR-LE25,Legacy 280GSM RPET Sherpa Fleece Blanket,,https://www.arielpremium.com/product/WOR-LE25
3,WPC-PR26,Preen 4-Piece Manicure Kit,,https://www.arielpremium.com/product/WPC-PR26
3,WPC-SA26,Spot Away 0.30 oz Stain Remover Pen,,https://www.arielpremium.com/product/WPC-SA26
3,WSA-CO26,Compact 1.20 oz Hand Sanitizer,,https://www.arielpremium.com/product/WSA-CO26
3,WSA-COCA,Compact 1.20 oz Hand Sanitizer- WSA-CO26 For Canada,,https://www.arielpremium.com/product/WSA-COCA
3,WSC-SA26,Custom Adult Athletic Socks,,https://www.arielpremium.com/product/WSC-SA26
3,WSC-SC26,Custom Adult Crew Socks,,https://www.arielpremium.com/product/WSC-SC26
3,WSC-SK26,Custom Adult Ankle Socks,,https://www.arielpremium.com/product/WSC-SK26
3,WSC-SQ26,Custom Adult Athletic Quarter Crew Socks,,https://www.arielpremium.com/product/WSC-SQ26
3,WTE-BB26,Bristle Buddy Flexible Phone Stand,,https://www.arielpremium.com/product/WTE-BB26
3,WTE-BM26,Bamboo Phone Stand with Stress Reliever Keyboard,,https://www.arielpremium.com/product/WTE-BM26
3,WTE-KB26,Kute Kitty Siberian Cat Stress Reliever & Phone Holder,,https://www.arielpremium.com/product/WTE-KB26
3,WTE-KM26,Kute Kitty Munchkin Cat Stress Reliever & Phone Holder,,https://www.arielpremium.com/product/WTE-KM26
3,WTE-KS26,Kute Kitty Siamese Cat Stress Reliever & Phone Holder,,https://www.arielpremium.com/product/WTE-KS26
3,WTE-LA26,Lariat Phone Hand Strap,,https://www.arielpremium.com/product/WTE-LA26
3,WTE-RV26,Rivet Portable Magnetic Phone Mount With Suction Cup Base,,https://www.arielpremium.com/product/WTE-RV26
3,WTT-MK26,Best Buddy Tools 16-In-1 Multi-Knife Screwdriver Tool,,https://www.arielpremium.com/product/WTT-MK26
3,WTT-MP26,Best Buddy Tools 9-In-1 Magnetic Pocket Screwdriver,,https://www.arielpremium.com/product/WTT-MP26
3,WTT-MT25,Best Buddy Tools 9-In-1 Multi-Tool Pen,,https://www.arielpremium.com/product/WTT-MT25
3,WTT-PK26,Best Buddy Tools Stainless Steel Key Chain Pocket Knife,,https://www.arielpremium.com/product/WTT-PK26
3,WTT-PS26,Best Buddy Tools Mini 7- in-1 Precision Screwdriver Tool,,https://www.arielpremium.com/product/WTT-PS26
3,WTV-BA26,"Bayside 42 Arc Value Umbrella""",,https://www.arielpremium.com/product/WTV-BA26
3,WTV-CC26,Cool Clip Rechargeable Portable Fan with Magnet Base,,https://www.arielpremium.com/product/WTV-CC26
3,WTV-CO26,Continental 4-Bottle Travel Set in Zippered Pouch,,https://www.arielpremium.com/product/WTV-CO26
3,WTV-PA26,"Panorama 46 Arc Auto-Open Clear Umbrella""",,https://www.arielpremium.com/product/WTV-PA26
3,WTV-SR26,Swing Ring Anti-Theft Bag Hanger,,https://www.arielpremium.com/product/WTV-SR26
3,WTV-ST26,Slim Trim Folding Travel Scissors,,https://www.arielpremium.com/product/WTV-ST26
3,WTV-TW26,Twisty Rechargeable Portable Fan with Bendable Tripod Feet,,https://www.arielpremium.com/product/WTV-TW26
